0.000000000000000000e+00,0.000000000000000000e+00,0.000000000000000000e+00,0.000000000000000000e+00
1.000000000000000056e-01,8.333333333327244338e-03,2.999965277898341554e-01,1.249992766218621871e-03
2.000000000000000111e-01,1.666666666666001551e-02,5.999722226080222987e-01,4.999884260327274940e-03
3.000000000000000444e-01,2.499999999998954101e-02,8.999062529296442126e-01,1.124941407470141791e-02
4.000000000000000222e-01,3.333333333332542947e-02,1.199777790123130794e+00,1.999814821672659185e-02
5.000000000000000000e-01,4.166666666665975322e-02,1.499566009896688090e+00,3.124547913893662571e-02
6.000000000000000888e-01,4.999999999999261285e-02,1.799250093744420909e+00,4.499062578120417710e-02
7.000000000000000666e-01,5.833333333332668680e-02,2.098809230392053582e+00,6.123263362498072848e-02
8.000000000000000444e-01,6.666666666665954644e-02,2.398222617242149468e+00,7.997037475958218566e-02
9.000000000000000222e-01,7.499999999999189260e-02,2.697469461818726266e+00,1.012025479605155737e-01
1.000000000000000000e+00,8.333333333332515469e-02,2.996528983211171226e+00,1.249276787798413169e-01
1.100000000000000089e+00,9.166666666665826413e-02,3.295380413517350782e+00,1.511441196485648897e-01
1.200000000000000178e+00,9.999999999999166500e-02,3.594002999285816902e+00,1.798500499910506145e-01
1.300000000000000044e+00,1.083333333333253573e-01,3.892376002957011583e+00,2.110434763514498213e-01
1.400000000000000133e+00,1.166666666666589663e-01,4.190478704303367330e+00,2.447222325321345426e-01
1.500000000000000000e+00,1.249999999999923672e-01,4.488290401868201940e+00,2.808839797441269326e-01
1.600000000000000089e+00,1.333333333333254211e-01,4.785790414403312099e+00,3.195262067695142649e-01
1.700000000000000178e+00,1.416666666666586138e-01,5.082958082305164105e+00,3.606462301358380196e-01
1.800000000000000044e+00,1.499999999999921396e-01,5.379772769049578685e+00,4.042411943024452059e-01
1.900000000000000133e+00,1.583333333333254156e-01,5.676213862624813977e+00,4.503080718587885167e-01
2.000000000000000000e+00,1.666666666666593577e-01,5.972260776962949436e+00,4.988436637346619351e-01
2.100000000000000089e+00,1.749999999999925226e-01,6.267892953369463171e+00,5.498445994223571942e-01
2.200000000000000178e+00,1.833333333333256598e-01,6.563089861950913040e+00,6.033073372107253807e-01
2.300000000000000266e+00,1.916666666666591301e-01,6.857831003040613105e+00,6.592281644311277500e-01
2.400000000000000355e+00,1.999999999999927669e-01,7.152095908622214893e+00,7.176031977152583785e-01
2.500000000000000000e+00,2.083333333333264037e-01,7.445864143751089514e+00,7.784283832648210000e-01
2.600000000000000089e+00,2.166666666666598462e-01,7.739115307973412072e+00,8.416994971330410413e-01
2.700000000000000178e+00,2.249999999999933720e-01,8.031829036742850647e+00,9.074121455179938733e-01
2.800000000000000266e+00,2.333333333333269533e-01,8.323985002834763947e+00,9.755617650677277375e-01
2.900000000000000355e+00,2.416666666666602292e-01,8.615562917757806360e+00,1.046143623197161476e+00
3.000000000000000000e+00,2.499999999999934774e-01,8.906542533162841835e+00,1.119152818416734974e+00
3.100000000000000089e+00,2.583333333333270865e-01,9.196903642249072419e+00,1.194584280672787324e+00
3.200000000000000178e+00,2.666666666666605567e-01,9.486626081167280233e+00,1.272432771699642640e+00
3.300000000000000266e+00,2.749999999999938050e-01,9.775689730420081602e+00,1.352692885383376398e+00
3.400000000000000355e+00,2.833333333333271642e-01,1.006407451625911520e+01,1.435359048137237137e+00
3.500000000000000000e+00,2.916666666666603014e-01,1.035176041207903630e+01,1.520425519288699956e+00
3.600000000000000089e+00,2.999999999999937716e-01,1.063872743980824787e+01,1.607886391478120958e+00
3.700000000000000178e+00,3.083333333333272974e-01,1.092495567129626366e+01,1.697735591068968874e+00
3.800000000000000266e+00,3.166666666666607122e-01,1.121042522969758970e+01,1.789966878569602571e+00
3.900000000000000355e+00,3.249999999999940159e-01,1.149511629085206188e+01,1.884573849066566886e+00
4.000000000000000000e+00,3.333333333333270976e-01,1.177900908466151009e+01,1.981549932669375513e+00
4.100000000000000533e+00,3.416666666666604013e-01,1.206208389646267598e+01,2.080888394966750266e+00
4.200000000000000178e+00,3.499999999999939271e-01,1.234432106839627963e+01,2.182582337494287206e+00
4.299999999999999822e+00,3.583333333333273973e-01,1.262570100077213908e+01,2.286624698213512552e+00
4.400000000000000355e+00,3.666666666666605900e-01,1.290620415343025229e+01,2.393008252002299496e+00
4.500000000000000000e+00,3.749999999999939493e-01,1.318581104709774721e+01,2.501725611156610185e+00
4.600000000000000533e+00,3.833333333333273640e-01,1.346450226474159528e+01,2.612769225903527559e+00
4.700000000000000178e+00,3.916666666666605567e-01,1.374225845291701731e+01,2.726131384925542189e+00
4.800000000000000711e+00,3.999999999999939715e-01,1.401906032311145722e+01,2.841804215896057695e+00
4.900000000000000355e+00,4.083333333333273307e-01,1.429488865308405821e+01,2.959779686026076106e+00
5.000000000000000000e+00,4.166666666666605234e-01,1.456972428820053267e+01,3.080049602622027649e+00
5.100000000000000533e+00,4.249999999999937161e-01,1.484354814276333556e+01,3.202605613654704531e+00
5.200000000000000178e+00,4.333333333333271864e-01,1.511634120133705572e+01,3.327439208339260102e+00
5.300000000000000711e+00,4.416666666666606011e-01,1.538808452006892047e+01,3.454541717726230754e+00
5.400000000000000355e+00,4.499999999999939604e-01,1.565875922800433706e+01,3.583904315303544141e+00
5.500000000000000000e+00,4.583333333333273751e-01,1.592834652839736442e+01,3.715518017609467538e+00
5.600000000000000533e+00,4.666666666666608454e-01,1.619682770001604055e+01,3.849373684856455480e+00
5.700000000000000178e+00,4.749999999999942046e-01,1.646418409844245190e+01,3.985462021565854052e+00
5.800000000000000711e+00,4.833333333333275639e-01,1.673039715736748789e+01,4.123773577213415642e+00
5.900000000000000355e+00,4.916666666666610341e-01,1.699544838988015272e+01,4.264298746885581970e+00
6.000000000000000000e+00,4.999999999999943379e-01,1.725931938975136859e+01,4.407027771946488315e+00
6.100000000000000533e+00,5.083333333333275306e-01,1.752199183271219241e+01,4.551950740715643207e+00
6.200000000000000178e+00,5.166666666666609453e-01,1.778344747772631251e+01,4.699057589156234727e+00
6.300000000000000711e+00,5.249999999999943601e-01,1.804366816825678654e+01,4.848338101574016790e+00
6.400000000000000355e+00,5.333333333333276638e-01,1.830263583352690659e+01,4.999781911326730999e+00
6.500000000000000000e+00,5.416666666666610785e-01,1.856033248977509942e+01,5.153378501544006340e+00
6.600000000000000533e+00,5.499999999999943823e-01,1.881674024150380120e+01,5.309117205857693200e+00
6.700000000000000178e+00,5.583333333333277970e-01,1.907184128272218260e+01,5.466987209142580184e+00
6.800000000000000711e+00,5.666666666666611007e-01,1.932561789818268139e+01,5.626977548267438678e+00
6.900000000000000355e+00,5.749999999999942935e-01,1.957805246461121129e+01,5.789077112856348073e+00
7.000000000000000000e+00,5.833333333333277082e-01,1.982912745193099369e+01,5.953274646060244812e+00
7.100000000000000533e+00,5.916666666666611230e-01,2.007882542447991980e+01,6.119558745338643746e+00
7.200000000000000178e+00,5.999999999999944267e-01,2.032712904222135819e+01,6.287917863251475836e+00
7.300000000000000711e+00,6.083333333333277304e-01,2.057402106194830793e+01,6.458340308260990703e+00
7.400000000000000355e+00,6.166666666666610341e-01,2.081948433848084079e+01,6.630814245543661833e+00
7.500000000000000000e+00,6.249999999999944489e-01,2.106350182585673281e+01,6.805327697812047383e+00
7.600000000000000533e+00,6.333333333333278636e-01,2.130605657851520007e+01,6.981868546146539067e+00
7.700000000000000178e+00,6.416666666666612784e-01,2.154713175247367829e+01,7.160424530836950296e+00
7.800000000000000711e+00,6.499999999999945821e-01,2.178671060649752533e+01,7.340983252233879597e+00
7.900000000000000355e+00,6.583333333333278858e-01,2.202477650326260061e+01,7.523532171609792485e+00
8.000000000000000000e+00,6.666666666666611896e-01,2.226131291051063599e+01,7.708058612029760504e+00
8.099999999999999645e+00,6.749999999999946043e-01,2.249630340219729874e+01,7.894549759231800579e+00
8.200000000000001066e+00,6.833333333333280191e-01,2.272973165963288267e+01,8.082992662516748084e+00
8.300000000000000711e+00,6.916666666666614338e-01,2.296158147261553850e+01,8.273374235647604991e+00
8.400000000000000355e+00,6.999999999999947375e-01,2.319183674055698674e+01,8.465681257758303602e+00
8.500000000000000000e+00,7.083333333333280413e-01,2.342048147360059929e+01,8.659900374271813916e+00
8.599999999999999645e+00,7.166666666666614560e-01,2.364749979373180011e+01,8.856018097827540458e+00
8.700000000000001066e+00,7.249999999999947597e-01,2.387287593588070322e+01,9.054020809217941945e+00
8.800000000000000711e+00,7.333333333333280635e-01,2.409659424901689917e+01,9.253894758334299198e+00
8.900000000000000355e+00,7.416666666666613672e-01,2.431863919723632605e+01,9.455626065121581547e+00
9.000000000000000000e+00,7.499999999999947820e-01,2.453899536084015054e+01,9.659200720542333585e+00
9.099999999999999645e+00,7.583333333333281967e-01,2.475764743740556639e+01,9.864604587549518300e+00
9.200000000000001066e+00,7.666666666666616115e-01,2.497458024284846090e+01,1.007182340206825089e+01
9.300000000000000711e+00,7.749999999999949152e-01,2.518977871247785671e+01,1.028084277398635571e+01
9.400000000000000355e+00,7.833333333333282189e-01,2.540322790204206882e+01,1.049164818815367184e+01
9.500000000000000000e+00,7.916666666666616337e-01,2.561491298876649125e+01,1.070422500539004496e+01
9.600000000000001421e+00,7.999999999999949374e-01,2.582481927238295327e+01,1.091855846350192927e+01
9.700000000000001066e+00,8.083333333333283521e-01,2.603293217615055966e+01,1.113463367830753548e+01
9.800000000000000711e+00,8.166666666666618779e-01,2.623923724786795830e+01,1.135243564467045019e+01
9.900000000000000355e+00,8.249999999999950706e-01,2.644372016087697119e+01,1.157194923754164861e+01
1.000000000000000000e+01,8.333333333333283743e-01,2.664636671505747856e+01,1.179315921300984371e+01
1.010000000000000142e+01,8.416666666666616781e-01,2.684716283781354917e+01,1.201605020936008295e+01
1.020000000000000107e+01,8.499999999999950928e-01,2.704609458505068531e+01,1.224060674814052696e+01
1.030000000000000071e+01,8.583333333333283965e-01,2.724314814214416458e+01,1.246681323523733909e+01
1.040000000000000036e+01,8.666666666666618113e-01,2.743830982489837922e+01,1.269465396195759865e+01
1.050000000000000000e+01,8.749999999999950040e-01,2.763156608049712659e+01,1.292411310612018127e+01
1.060000000000000142e+01,8.833333333333283077e-01,2.782290348844476569e+01,1.315517473315451191e+01
1.070000000000000107e+01,8.916666666666617225e-01,2.801230876149819338e+01,1.338782279720712864e+01
1.080000000000000071e+01,8.999999999999950262e-01,2.819976874658956589e+01,1.362204114225596641e+01
1.090000000000000036e+01,9.083333333333282189e-01,2.838527042573969794e+01,1.385781350323230221e+01
1.100000000000000000e+01,9.166666666666616337e-01,2.856880091696208623e+01,1.409512350715026407e+01
1.110000000000000142e+01,9.249999999999949374e-01,2.875034747515748634e+01,1.433395467424383796e+01
1.120000000000000107e+01,9.333333333333283521e-01,2.892989749299898250e+01,1.457429041911128920e+01
1.130000000000000071e+01,9.416666666666616559e-01,2.910743850180748993e+01,1.481611405186692032e+01
1.140000000000000036e+01,9.499999999999949596e-01,2.928295817241763999e+01,1.505940877930008526e+01
1.150000000000000000e+01,9.583333333333283743e-01,2.945644431603395219e+01,1.530415770604137649e+01
1.160000000000000142e+01,9.666666666666617891e-01,2.962788488507728601e+01,1.555034383573590517e+01
1.170000000000000107e+01,9.749999999999952038e-01,2.979726797402146588e+01,1.579795007222360148e+01
1.180000000000000071e+01,9.833333333333286186e-01,2.996458182022005445e+01,1.604695922072643910e+01
1.190000000000000036e+01,9.916666666666620333e-01,3.012981480472319262e+01,1.629735398904250943e+01
1.200000000000000000e+01,9.999999999999954481e-01,3.029295545308447402e+01,1.654911698874686365e+01
1.210000000000000142e+01,1.008333333333328863e+00,3.045399243615776541e+01,1.680223073639903220e+01
1.220000000000000107e+01,1.016666666666662167e+00,3.061291457088396228e+01,1.705667765475714859e+01
1.230000000000000071e+01,1.024999999999995470e+00,3.076971082106757294e+01,1.731244007399858376e+01
1.240000000000000036e+01,1.033333333333328774e+00,3.092437029814312766e+01,1.756950023294701069e+01
1.250000000000000000e+01,1.041666666666662078e+00,3.107688226193131342e+01,1.782784028030580714e+01
1.260000000000000142e+01,1.049999999999995381e+00,3.122723612138482707e+01,1.808744227589772535e+01
1.270000000000000107e+01,1.058333333333328907e+00,3.137542143532385452e+01,1.834828819191073634e+01
1.280000000000000071e+01,1.066666666666662211e+00,3.152142791316114412e+01,1.861035991414994228e+01
1.290000000000000036e+01,1.074999999999995737e+00,3.166524541561663497e+01,1.887363924329550713e+01
1.300000000000000000e+01,1.083333333333329040e+00,3.180686395542156220e+01,1.913810789616649188e+01
1.310000000000000142e+01,1.091666666666662344e+00,3.194627369801202121e+01,1.940374750699050921e+01
1.320000000000000107e+01,1.099999999999995648e+00,3.208346496221191302e+01,1.967053962867911920e+01
1.330000000000000071e+01,1.108333333333329174e+00,3.221842822090524550e+01,1.993846573410886336e+01
1.340000000000000036e+01,1.116666666666662477e+00,3.235115410169773753e+01,2.020750721740787270e+01
1.350000000000000000e+01,1.124999999999995781e+00,3.248163338756767615e+01,2.047764539524792582e+01
1.360000000000000142e+01,1.133333333333329307e+00,3.260985701750597343e+01,2.074886150814190700e+01
1.370000000000000107e+01,1.141666666666662611e+00,3.273581608714541602e+01,2.102113672174652237e+01
1.380000000000000071e+01,1.149999999999996136e+00,3.285950184937901497e+01,2.129445212817024924e+01
1.390000000000000036e+01,1.158333333333329440e+00,3.298090571496742740e+01,2.156878874728637285e+01
1.400000000000000000e+01,1.166666666666662966e+00,3.310001925313544291e+01,2.184412752805103253e+01
1.410000000000000142e+01,1.174999999999996270e+00,3.321683419215744948e+01,2.212044934982622024e+01
1.420000000000000107e+01,1.183333333333329795e+00,3.333134241993185043e+01,2.239773502370757896e+01
1.430000000000000071e+01,1.191666666666663099e+00,3.344353598454439691e+01,2.267596529385697224e+01
1.440000000000000036e+01,1.199999999999996625e+00,3.355340709482041461e+01,2.295512083883967236e+01
1.450000000000000000e+01,1.208333333333329929e+00,3.366094812086584653e+01,2.323518227296613148e+01
1.460000000000000142e+01,1.216666666666663232e+00,3.376615159459709758e+01,2.351613014763819720e+01
1.470000000000000107e+01,1.224999999999996758e+00,3.386901021025966685e+01,2.379794495269970156e+01
1.480000000000000071e+01,1.233333333333330284e+00,3.396951682493546087e+01,2.408060711779132390e+01
1.490000000000000036e+01,1.241666666666663588e+00,3.406766445903885909e+01,2.436409701370964243e+01
1.500000000000000000e+01,1.249999999999996891e+00,3.416344629680138212e+01,2.464839495377025713e+01
1.510000000000000142e+01,1.258333333333330195e+00,3.425685568674500558e+01,2.493348119517491313e+01
1.520000000000000107e+01,1.266666666666663721e+00,3.434788614214407687e+01,2.521933594038252835e+01
1.530000000000000071e+01,1.274999999999997025e+00,3.443653134147577788e+01,2.550593933848400852e+01
1.540000000000000036e+01,1.283333333333330550e+00,3.452278512885911965e+01,2.579327148658077817e+01
1.550000000000000000e+01,1.291666666666663854e+00,3.460664151448241199e+01,2.608131243116691067e+01
1.560000000000000142e+01,1.299999999999997158e+00,3.468809467501924360e+01,2.637004216951478952e+01
1.570000000000000107e+01,1.308333333333330684e+00,3.476713895403286614e+01,2.665944065106417682e+01
1.580000000000000071e+01,1.316666666666663987e+00,3.484376886236900361e+01,2.694948777881459634e+01
1.590000000000000036e+01,1.324999999999997513e+00,3.491797907853703720e+01,2.724016341072096381e+01
1.600000000000000000e+01,1.333333333333330817e+00,3.498976444907956562e+01,2.753144736109232582e+01
1.610000000000000142e+01,1.341666666666664343e+00,3.505911998893024872e+01,2.782331940199363274e+01
1.619999999999999929e+01,1.349999999999997646e+00,3.512604088176003359e+01,2.811575926465044972e+01
1.630000000000000071e+01,1.358333333333331172e+00,3.519052248031158570e+01,2.840874664085650636e+01
1.640000000000000213e+01,1.366666666666664476e+00,3.525256030672203167e+01,2.870226118438397833e+01
1.650000000000000000e+01,1.374999999999997780e+00,3.531215005283391406e+01,2.899628251239641230e+01
1.660000000000000142e+01,1.383333333333331305e+00,3.536928758049436539e+01,2.929079020686418744e+01
1.669999999999999929e+01,1.391666666666664609e+00,3.542396892184248713e+01,2.958576381598243543e+01
1.680000000000000071e+01,1.399999999999998135e+00,3.547619027958487692e+01,2.988118285559128395e+01
1.690000000000000213e+01,1.408333333333331439e+00,3.552594802725935352e+01,3.017702681059837388e+01
1.700000000000000000e+01,1.416666666666664742e+00,3.557323870948675903e+01,3.047327513640350105e+01
1.710000000000000142e+01,1.424999999999998268e+00,3.561805904221095176e+01,3.076990726032531498e+01
1.719999999999999929e+01,1.433333333333331572e+00,3.566040591292683359e+01,3.106690258302997876e+01
1.730000000000000071e+01,1.441666666666665098e+00,3.570027638089651134e+01,3.136424047996165498e+01
1.740000000000000213e+01,1.449999999999998401e+00,3.573766767735351380e+01,3.166190030277477518e+01
1.750000000000000000e+01,1.458333333333331927e+00,3.577257720569505750e+01,3.195986138076793281e+01
1.760000000000000142e+01,1.466666666666665231e+00,3.580500254166236829e+01,3.225810302231934656e+01
1.769999999999999929e+01,1.474999999999998757e+00,3.583494143350903727e+01,3.255660451632375896e+01
1.780000000000000071e+01,1.483333333333332060e+00,3.586239180215738287e+01,3.285534513363072051e+01
1.790000000000000213e+01,1.491666666666665364e+00,3.588735174134283312e+01,3.315430412848408537e+01
1.800000000000000000e+01,1.499999999999998890e+00,3.590981951774631398e+01,3.345346073996268643e+01
1.810000000000000142e+01,1.508333333333332194e+00,3.592979357111460104e+01,3.375279419342206211e+01
1.819999999999999929e+01,1.516666666666665719e+00,3.594727251436868443e+01,3.405228370193712806e+01
1.830000000000000071e+01,1.524999999999999023e+00,3.596225513370008287e+01,3.435190846774570161e+01
1.840000000000000213e+01,1.533333333333332549e+00,3.597474038865514245e+01,3.465164768369280068e+01
1.850000000000000000e+01,1.541666666666665853e+00,3.598472741220728466e+01,3.495148053467554661e+01
1.860000000000000142e+01,1.549999999999999378e+00,3.599221551081722481e+01,3.525138619908867810e+01
1.869999999999999929e+01,1.558333333333332682e+00,3.599720416448111848e+01,3.555134385027047017e+01
1.880000000000000071e+01,1.566666666666666208e+00,3.599969302676669258e+01,3.585133265794902258e+01
1.890000000000000213e+01,1.574999999999999512e+00,3.599968192483729013e+01,3.615133178968880401e+01
1.900000000000000000e+01,1.583333333333333037e+00,3.599717085946387130e+01,3.645132041233733844e+01
1.910000000000000142e+01,1.591666666666666341e+00,3.599216000502497081e+01,3.675127769347194828e+01
1.920000000000000284e+01,1.599999999999999867e+00,3.598464970949456898e+01,3.705118280284643362e+01
1.930000000000000071e+01,1.608333333333333171e+00,3.597464049441795453e+01,3.735101491383760930e+01
1.940000000000000213e+01,1.616666666666666696e+00,3.596213305487548695e+01,3.765075320489160049e+01
1.950000000000000000e+01,1.625000000000000000e+00,3.594712825943432932e+01,3.795037686096976159e+01
1.960000000000000142e+01,1.633333333333333526e+00,3.592962715008813035e+01,3.824986507499416177e+01
1.970000000000000284e+01,1.641666666666666829e+00,3.590963094218467688e+01,3.854919704929252333e+01
1.980000000000000071e+01,1.650000000000000355e+00,3.588714102434148145e+01,3.884835199704248510e+01
1.990000000000000213e+01,1.658333333333333659e+00,3.586215895834935452e+01,3.914730914371511261e+01
2.000000000000000000e+01,1.666666666666667185e+00,3.583468647906394722e+01,3.944604772851759122e+01
2.010000000000000142e+01,1.675000000000000711e+00,3.580472549428528595e+01,3.974454700583491729e+01
2.020000000000000284e+01,1.683333333333334014e+00,3.577227808462527037e+01,4.004278624667057329e+01
2.030000000000000071e+01,1.691666666666667540e+00,3.573734650336319874e+01,4.034074474008602351e+01
2.040000000000000213e+01,1.700000000000000844e+00,3.569993317628928509e+01,4.063840179463896618e+01
2.050000000000000000e+01,1.708333333333334370e+00,3.566004070153621086e+01,4.093573673982023564e+01
2.060000000000000142e+01,1.716666666666667673e+00,3.561767184939868969e+01,4.123272892748924079e+01
2.070000000000000284e+01,1.725000000000001199e+00,3.557282956214109504e+01,4.152935773330786162e+01
2.080000000000000071e+01,1.733333333333334503e+00,3.552551695379312946e+01,4.182560255817267603e+01
2.090000000000000213e+01,1.741666666666668029e+00,3.547573730993357799e+01,4.212144282964545994e+01
2.100000000000000000e+01,1.750000000000001554e+00,3.542349408746215289e+01,4.241685800338180456e+01
2.110000000000000142e+01,1.758333333333334858e+00,3.536879091435941547e+01,4.271182756455781515e+01
2.120000000000000284e+01,1.766666666666668384e+00,3.531163158943485314e+01,4.300633102929472074e+01
2.130000000000000071e+01,1.775000000000001688e+00,3.525202008206305493e+01,4.330034794608138782e+01
2.140000000000000213e+01,1.783333333333335213e+00,3.518996053190807771e+01,4.359385789719452475e+01
2.150000000000000000e+01,1.791666666666668739e+00,3.512545724863596064e+01,4.388684050011659821e+01
2.160000000000000142e+01,1.800000000000002043e+00,3.505851471161545874e+01,4.417927540895125560e+01
2.170000000000000284e+01,1.808333333333335569e+00,3.498913756960696020e+01,4.447114231583623933e+01
2.180000000000000071e+01,1.816666666666669094e+00,3.491733064043966550e+01,4.476242095235364360e+01
2.190000000000000213e+01,1.825000000000002398e+00,3.484309891067702125e+01,4.505309109093743558e+01
2.200000000000000000e+01,1.833333333333335924e+00,3.476644753527043008e+01,4.534313254627813450e+01
2.210000000000000142e+01,1.841666666666669450e+00,3.468738183720126500e+01,4.563252517672457742e+01
2.220000000000000284e+01,1.850000000000002753e+00,3.460590730711123797e+01,4.592124888568260843e+01
2.230000000000000071e+01,1.858333333333336057e+00,3.452202960292107292e+01,4.620928362301069825e+01
2.240000000000000213e+01,1.866666666666669583e+00,3.443575454943763958e+01,4.649660938641228825e+01
2.250000000000000000e+01,1.875000000000003109e+00,3.434708813794942017e+01,4.678320622282483043e+01
2.260000000000000142e+01,1.883333333333336634e+00,3.425603652581046532e+01,4.706905422980541687e+01
2.270000000000000284e+01,1.891666666666670160e+00,3.416260603601281076e+01,4.735413355691288473e+01
2.280000000000000071e+01,1.900000000000003686e+00,3.406680315674736192e+01,4.763842440708630477e+01
2.290000000000000213e+01,1.908333333333337212e+00,3.396863454095334589e+01,4.792190703801977492e+01
2.300000000000000000e+01,1.916666666666670515e+00,3.386810700585630229e+01,4.820456176353340538e+01
2.310000000000000142e+01,1.925000000000004041e+00,3.376522753249464870e+01,4.848636895494040999e+01
2.320000000000000284e+01,1.933333333333337345e+00,3.366000326523491992e+01,4.876730904241019005e+01
2.330000000000000071e+01,1.941666666666670871e+00,3.355244151127561025e+01,4.904736251632735389e+01
2.340000000000000213e+01,1.950000000000004174e+00,3.344254974013973225e+01,4.932650992864653716e+01
2.350000000000000000e+01,1.958333333333337700e+00,3.333033558315612765e+01,4.960473189424295271e+01
2.360000000000000142e+01,1.966666666666671226e+00,3.321580683292948777e+01,4.988200909225858481e+01
2.370000000000000284e+01,1.975000000000004752e+00,3.309897144279921832e+01,5.015832226744388578e+01
2.380000000000000071e+01,1.983333333333338278e+00,3.297983752628712040e+01,5.043365223149495336e+01
2.390000000000000213e+01,1.991666666666671581e+00,3.285841335653397266e+01,5.070797986438605420e+01
2.400000000000000000e+01,2.000000000000005329e+00,3.273470736572497941e+01,5.098128611569736535e+01
2.410000000000000142e+01,2.008333333333338633e+00,3.260872814450424073e+01,5.125355200593793370e+01
2.420000000000000284e+01,2.016666666666671937e+00,3.248048444137815238e+01,5.152475862786369021e+01
2.430000000000000071e+01,2.025000000000005684e+00,3.234998516210789177e+01,5.179488714779044045e+01
2.440000000000000213e+01,2.033333333333338988e+00,3.221723936909096864e+01,5.206391880690174645e+01
2.450000000000000000e+01,2.041666666666672736e+00,3.208225628073187607e+01,5.233183492255162150e+01
2.460000000000000142e+01,2.050000000000006040e+00,3.194504527080195544e+01,5.259861688956192438e+01
2.470000000000000284e+01,2.058333333333339343e+00,3.180561586778841843e+01,5.286424618151438182e+01
2.480000000000000071e+01,2.066666666666673091e+00,3.166397775423266481e+01,5.312870435203713271e+01
2.490000000000000213e+01,2.075000000000006395e+00,3.152014076605788162e+01,5.339197303608573009e+01
2.500000000000000000e+01,2.083333333333340143e+00,3.137411489188599489e+01,5.365403395121847296e+01
2.510000000000000142e+01,2.091666666666673446e+00,3.122591027234403072e+01,5.391486889886601830e+01
2.520000000000000284e+01,2.100000000000006750e+00,3.107553719935989633e+01,5.417445976559515231e+01
2.530000000000000071e+01,2.108333333333340498e+00,3.092300611544767008e+01,5.443278852436667847e+01
2.540000000000000213e+01,2.116666666666674246e+00,3.076832761298243923e+01,5.468983723578727307e+01
2.550000000000000000e+01,2.125000000000007550e+00,3.061151243346471063e+01,5.494558804935527974e+01
2.560000000000000142e+01,2.133333333333340853e+00,3.045257146677449001e+01,5.520002320470031520e+01
2.570000000000000284e+01,2.141666666666674601e+00,3.029151575041503008e+01,5.545312503281662231e+01
2.580000000000000071e+01,2.150000000000007905e+00,3.012835646874635387e+01,5.570487595729007069e+01
2.590000000000000213e+01,2.158333333333341653e+00,2.996310495220856396e+01,5.595525849551874842e+01
2.600000000000000000e+01,2.166666666666674956e+00,2.979577267653501238e+01,5.620425525992700955e+01
2.610000000000000142e+01,2.175000000000008704e+00,2.962637126195537007e+01,5.645184895917295620e+01
2.620000000000000284e+01,2.183333333333342008e+00,2.945491247238868127e+01,5.669802239934919186e+01
2.630000000000000071e+01,2.191666666666675312e+00,2.928140821462643117e+01,5.694275848517685290e+01
2.640000000000000213e+01,2.200000000000009059e+00,2.910587053750567677e+01,5.718604022119278341e+01
2.650000000000000000e+01,2.208333333333342363e+00,2.892831163107234360e+01,5.742785071292975374e+01
2.660000000000000142e+01,2.216666666666676111e+00,2.874874382573468878e+01,5.766817316808967320e+01
2.670000000000000284e+01,2.225000000000009415e+00,2.856717959140702945e+01,5.790699089770974695e+01
2.680000000000000071e+01,2.233333333333343163e+00,2.838363153664378302e+01,5.814428731732138544e+01
2.690000000000000213e+01,2.241666666666676910e+00,2.819811240776387606e+01,5.838004594810192316e+01
2.700000000000000000e+01,2.250000000000010214e+00,2.801063508796559276e+01,5.861425041801897606e+01
2.710000000000000142e+01,2.258333333333343518e+00,2.782121259643190925e+01,5.884688446296735975e+01
2.720000000000000284e+01,2.266666666666677266e+00,2.762985808742639193e+01,5.907793192789855397e+01
2.730000000000000071e+01,2.275000000000010569e+00,2.743658484937970954e+01,5.930737676794257141e+01
2.740000000000000213e+01,2.283333333333344317e+00,2.724140630396682994e+01,5.953520304952217401e+01
2.750000000000000000e+01,2.291666666666677621e+00,2.704433600517496927e+01,5.976139495145935854e+01
2.760000000000000142e+01,2.300000000000011369e+00,2.684538763836235020e+01,5.998593676607406877e+01
2.770000000000000284e+01,2.308333333333345117e+00,2.664457501930782257e+01,6.020881290027496391e+01
2.780000000000000071e+01,2.316666666666678864e+00,2.644191209325145309e+01,6.043000787664229989e+01
2.790000000000000213e+01,2.325000000000012168e+00,2.623741293392610530e+01,6.064950633450271766e+01
2.800000000000000000e+01,2.333333333333345916e+00,2.603109174258010583e+01,6.086729303099596677e+01
2.810000000000000142e+01,2.341666666666679664e+00,2.582296284699104660e+01,6.108335284213342220e+01
2.820000000000000284e+01,2.350000000000012967e+00,2.561304070047081538e+01,6.129767076384836599e+01
2.830000000000000071e+01,2.358333333333346715e+00,2.540133988086189021e+01,6.151023191303792004e+01
2.840000000000000213e+01,2.366666666666680463e+00,2.518787508952499721e+01,6.172102152859658730e+01
2.850000000000000000e+01,2.375000000000014211e+00,2.497266115031819567e+01,6.193002497244133764e+01
2.860000000000000142e+01,2.383333333333347515e+00,2.475571300856744017e+01,6.213722773052811732e+01
2.870000000000000284e+01,2.391666666666681262e+00,2.453704573002872280e+01,6.234261541385977523e+01
2.880000000000000071e+01,2.400000000000015010e+00,2.431667449984184159e+01,6.254617375948528490e+01
2.890000000000000213e+01,2.408333333333348758e+00,2.409461462147588406e+01,6.274788863149022689e+01
2.900000000000000000e+01,2.416666666666682062e+00,2.387088151566649685e+01,6.294774602197844615e+01
2.910000000000000142e+01,2.425000000000015810e+00,2.364549071934500546e+01,6.314573205204481354e+01
2.920000000000000284e+01,2.433333333333349557e+00,2.341845788455946220e+01,6.334183297273902014e+01
2.930000000000000071e+01,2.441666666666683305e+00,2.318979877738771123e+01,6.353603516602039036e+01
2.940000000000000213e+01,2.450000000000017053e+00,2.295952927684252742e+01,6.372832514570353624e+01
2.950000000000000000e+01,2.458333333333350801e+00,2.272766537376890383e+01,6.391868955839493083e+01
2.960000000000000142e+01,2.466666666666684549e+00,2.249422316973359770e+01,6.410711518442019496e+01
2.970000000000000284e+01,2.475000000000018296e+00,2.225921887590696358e+01,6.429358893874213265e+01
2.980000000000000071e+01,2.483333333333352044e+00,2.202266881193718362e+01,6.447809787186942287e+01
2.990000000000000213e+01,2.491666666666685348e+00,2.178458940481697326e+01,6.466062917075583982e+01
3.000000000000000000e+01,2.500000000000019540e+00,2.154499718774281192e+01,6.484117015969010822e+01
3.010000000000000142e+01,2.508333333333352844e+00,2.130390879896681966e+01,6.501970830117609523e+01
3.020000000000000284e+01,2.516666666666686591e+00,2.106134098064133298e+01,6.519623119680350953e+01
3.030000000000000071e+01,2.525000000000019895e+00,2.081731057765625081e+01,6.537072658810888015e+01
3.040000000000000213e+01,2.533333333333353643e+00,2.057183453646926807e+01,6.554318235742681509e+01
3.050000000000000000e+01,2.541666666666687391e+00,2.032492990392903565e+01,6.571358652873153972e+01
3.060000000000000142e+01,2.550000000000021139e+00,2.007661382609136780e+01,6.588192726846851599e+01
3.070000000000000284e+01,2.558333333333355331e+00,1.982690354702854307e+01,6.604819288637625618e+01
3.080000000000000071e+01,2.566666666666689522e+00,1.957581640763181241e+01,6.621237183629810374e+01
3.090000000000000213e+01,2.575000000000023270e+00,1.932336984440716776e+01,6.637445271698408078e+01
3.100000000000000000e+01,2.583333333333357018e+00,1.906958138826449556e+01,6.653442427288260319e+01
3.110000000000000142e+01,2.591666666666690766e+00,1.881446866330014700e+01,6.669227539492213452e+01
3.120000000000000284e+01,2.600000000000024514e+00,1.855804938557305306e+01,6.684799512128263643e+01
3.130000000000000071e+01,2.608333333333358262e+00,1.830034136187445171e+01,6.700157263815681574e+01
3.140000000000000213e+01,2.616666666666692453e+00,1.804136248849131263e+01,6.715299728050104022e+01
3.150000000000000000e+01,2.625000000000026201e+00,1.778113074996354115e+01,6.730225853277599413e+01
3.160000000000000142e+01,2.633333333333360393e+00,1.751966421783506433e+01,6.744934602967693138e+01
3.170000000000000284e+01,2.641666666666694141e+00,1.725698104939887045e+01,6.759424955685345537e+01
3.180000000000000071e+01,2.650000000000028333e+00,1.699309948643609047e+01,6.773695905161885378e+01
3.190000000000000213e+01,2.658333333333362081e+00,1.672803785394921761e+01,6.787746460364890311e+01
3.200000000000000000e+01,2.666666666666696273e+00,1.646181455888953948e+01,6.801575645567005779e+01
3.210000000000000142e+01,2.675000000000030465e+00,1.619444808887888954e+01,6.815182500413706634e+01
3.220000000000000284e+01,2.683333333333364656e+00,1.592595701092579397e+01,6.828566079989985838e+01
3.230000000000000426e+01,2.691666666666698404e+00,1.565635997013609781e+01,6.841725454885973079e+01
3.239999999999999858e+01,2.700000000000033040e+00,1.538567568841817845e+01,6.854659711261477639e+01
3.250000000000000000e+01,2.708333333333367232e+00,1.511392296318281758e+01,6.867367950909449803e+01
3.260000000000000142e+01,2.716666666666701424e+00,1.484112066603783653e+01,6.879849291318355142e+01
3.270000000000000284e+01,2.725000000000035616e+00,1.456728774147756766e+01,6.892102865733457406e+01
3.280000000000000426e+01,2.733333333333370252e+00,1.429244320556728276e+01,6.904127823217014281e+01
3.289999999999999858e+01,2.741666666666704444e+00,1.401660614462263332e+01,6.915923328707366124e+01
3.300000000000000000e+01,2.750000000000039080e+00,1.373979571388422016e+01,6.927488563076927619e+01
3.310000000000000142e+01,2.758333333333373272e+00,1.346203113618737923e+01,6.938822723189070985e+01
3.320000000000000284e+01,2.766666666666707908e+00,1.318333170062726722e+01,6.949925021953899318e+01
3.330000000000000426e+01,2.775000000000042544e+00,1.290371676121935174e+01,6.960794688382904383e+01
3.339999999999999858e+01,2.783333333333377180e+00,1.262320573555538772e+01,6.971430967642507426e+01
3.350000000000000000e+01,2.791666666666711816e+00,1.234181810345498143e+01,6.981833121106478757e+01
3.360000000000000142e+01,2.800000000000046452e+00,1.205957340561283431e+01,6.992000426407230407e+01
3.370000000000000284e+01,2.808333333333381088e+00,1.177649124224175736e+01,7.001932177485980446e+01
3.380000000000000426e+01,2.816666666666715724e+00,1.149259127171155548e+01,7.011627684641784697e+01
3.389999999999999858e+01,2.825000000000050804e+00,1.120789320918386700e+01,7.021086274579431574e+01
3.400000000000000000e+01,2.833333333333385440e+00,1.092241682524306334e+01,7.030307290456198643e+01
3.410000000000000142e+01,2.841666666666720520e+00,1.063618194452330457e+01,7.039290091927466619e+01
3.420000000000000284e+01,2.850000000000055600e+00,1.034920844433183262e+01,7.048034055191187974e+01
3.430000000000000426e+01,2.858333333333391124e+00,1.006151625326860888e+01,7.056538573031204464e+01
3.439999999999999858e+01,2.866666666666726648e+00,9.773125349842395337e+00,7.064803054859419262e+01
3.450000000000000000e+01,2.875000000000062172e+00,9.484055761083368452e+00,7.072826926756802379e+01
3.460000000000000142e+01,2.883333333333397253e+00,9.194327561152352501e+00,7.080609631513253532e+01
3.470000000000000284e+01,2.891666666666733221e+00,8.903960869946796919e+00,7.088150628666292619e+01
3.480000000000000426e+01,2.900000000000069189e+00,8.612975851703566832e+00,7.095449394538590582e+01
3.489999999999999858e+01,2.908333333333405157e+00,8.321392713598656954e+00,7.102505422274340674e+01
3.500000000000000000e+01,2.916666666666741570e+00,8.029231704343919418e+00,7.109318221874453059e+01
3.510000000000000142e+01,2.925000000000077982e+00,7.736513112780919244e+00,7.115887320230581281e+01
3.520000000000000284e+01,2.933333333333414839e+00,7.443257266471988487e+00,7.122212261157980606e+01
3.530000000000000426e+01,2.941666666666751695e+00,7.149484530288601647e+00,7.128292605427182593e+01
3.539999999999999858e+01,2.950000000000088995e+00,6.855215304997155812e+00,7.134127930794501538e+01
3.550000000000000000e+01,2.958333333333427184e+00,6.560470025842258579e+00,7.139717832031354305e+01
3.560000000000000142e+01,2.966666666666764929e+00,6.265269161127621445e+00,7.145061920952402090e+01
3.570000000000000284e+01,2.975000000000104006e+00,5.969633210794659917e+00,7.150159826442505562e+01
3.580000000000000426e+01,2.983333333333443527e+00,5.673582704998894499e+00,7.155011194482499093e+01
3.589999999999999858e+01,2.991666666666783492e+00,5.377138202684250246e+00,7.159615688173774117e+01
3.600000000000000000e+01,3.000000000000123901e+00,5.080320290155365903e+00,7.163972987761674460e+01
3.610000000000000142e+01,3.008333333333465642e+00,4.783149579647994365e+00,7.168082790657702219e+01
3.620000000000000284e+01,3.016666666666808716e+00,4.485646707897605445e+00,7.171944811460529934e+01
3.630000000000000426e+01,3.025000000000153122e+00,4.187832334706289572e+00,7.175558781975820466e+01
3.639999999999999858e+01,3.033333333333497972e+00,3.889727141508055208e+00,7.178924451234851745e+01
3.650000000000000000e+01,3.041666666666846375e+00,3.591351829932628803e+00,7.182041585511944959e+01
3.660000000000000142e+01,3.050000000000196554e+00,3.292727120367848315e+00,7.184909968340693354e+01
3.670000000000000284e+01,3.058333333333549398e+00,2.993873750520756882e+00,7.187529400528998735e+01
3.680000000000000426e+01,3.066666666666907570e+00,2.694812473977491685e+00,7.189899700172901476e+01
3.689999999999999858e+01,3.075000000000271072e+00,2.395564058762071458e+00,7.192020702669211119e+01
3.700000000000000000e+01,3.083333333333644788e+00,2.096149285894180370e+00,7.193892260726939014e+01
3.710000000000000142e+01,3.091666666667032715e+00,1.796588947946051285e+00,7.195514244377530133e+01
3.720000000000000284e+01,3.100000000000441069e+00,1.496903847598544113e+00,7.196886540983881275e+01
3.730000000000000426e+01,3.108333333333884063e+00,1.197114796196524278e+00,7.198009055248168409e+01
3.739999999999999858e+01,3.116666666667403440e+00,8.972426123036389978e-01,7.198881709218463243e+01
3.750000000000000000e+01,3.125000000001111111e+00,5.973081202565911907e-01,7.199504442294147566e+01
3.760000000000000142e+01,3.133333333335572402e+00,2.973321487190141443e-01,7.199877211230118235e+01
3.770000000000000284e+01,-3.141518640764150216e+00,-2.664470764955295667e-03,7.199999990139792772e+01
3.780000000000000426e+01,-3.133185307181806323e+00,-3.026609052173035996e-01,7.199872770496908458e+01
3.789999999999999858e+01,-3.124851973847368569e+00,-6.026363216728665151e-01,7.199495561136110666e+01
3.800000000000000000e+01,-3.116518640513668448e+00,-9.025698886260542508e-01,7.198868388252343209e+01
3.810000000000000142e+01,-3.108185307180150847e+00,-1.202440777477475908e+00,7.197991295399025091e+01
3.820000000000000284e+01,-3.099851973846706965e+00,-1.502228163980360964e+00,7.196864343485030702e+01
3.830000000000000426e+01,-3.091518640513298610e+00,-1.801911229686680160e+00,7.195487610770457820e+01
3.840000000000000568e+01,-3.083185307179912460e+00,-2.101469163392861716e+00,7.193861192861190545e+01
3.850000000000000000e+01,-3.074851973846539632e+00,-2.400881162585005502e+00,7.191985202702262825e+01
3.860000000000000142e+01,-3.066518640513175242e+00,-2.700126434883494575e+00,7.189859770570015485e+01
3.870000000000000284e+01,-3.058185307179817070e+00,-2.999184199486901292e+00,7.187485044063048178e+01
3.880000000000000426e+01,-3.049851973846462894e+00,-3.298033688615090053e+00,7.184861188091970519e+01
3.890000000000000568e+01,-3.041518640513112715e+00,-3.596654148951416552e+00,7.181988384867946706e+01
3.900000000000000000e+01,-3.033185307179765200e+00,-3.895024843083921606e+00,7.178866833890046451e+01
3.910000000000000142e+01,-3.024851973846419462e+00,-4.193125050945421428e+00,7.175496751931389383e+01
3.920000000000000284e+01,-3.016518640513075500e+00,-4.490934071252390858e+00,7.171878373024090081e+01
3.930000000000000426e+01,-3.008185307179731982e+00,-4.788431222942547194e+00,7.168011948443007952e+01
3.940000000000000568e+01,-2.999851973846390241e+00,-5.085595846611024484e+00,7.163897746688294887e+01
3.950000000000000000e+01,-2.991518640513049831e+00,-5.382407305945046794e+00,7.159536053466753458e+01
3.960000000000000142e+01,-2.983185307179710311e+00,-5.678844989156997869e+00,7.154927171671994302e+01
3.970000000000000284e+01,-2.974851973846371678e+00,-5.974888310415786385e+00,7.150071421363399793e+01
3.980000000000000426e+01,-2.966518640513033045e+00,-6.270516711276408195e+00,7.144969139743901110e+01
3.990000000000000568e+01,-2.958185307179694856e+00,-6.565709662107610534e+00,7.139620681136560165e+01
4.000000000000000000e+01,-2.964435307179698498e+00,-6.860847113304820333e+00,7.134241469361170118e+01
4.010000000000000142e+01,-2.970685307179702139e+00,-7.156314998664610627e+00,7.129046822354251844e+01
4.020000000000000284e+01,-2.976935307179706225e+00,-7.452101776510279052e+00,7.124036943031042313e+01
4.030000000000000426e+01,-2.983185307179711199e+00,-7.748195892708428012e+00,7.119212027089315598e+01
4.040000000000000568e+01,-2.989435307179715728e+00,-8.044585781120293433e+00,7.114572263001738861e+01
4.050000000000000000e+01,-2.995685307179720702e+00,-8.341259864053547801e+00,7.110117832008505445e+01
4.060000000000000142e+01,-3.001935307179726120e+00,-8.638206552714549957e+00,7.105848908110259288e+01
4.070000000000000284e+01,-3.008185307179731982e+00,-8.935414247661030984e+00,7.101765658061297870e+01
4.080000000000000426e+01,-3.014435307179738732e+00,-9.232871339255201093e+00,7.097868241363057962e+01
4.090000000000000568e+01,-3.020685307179746815e+00,-9.530566208117242866e+00,7.094156810257882739e+01
4.100000000000000000e+01,-3.026935307179754453e+00,-9.828487225579195297e+00,7.090631509723077386e+01
4.110000000000000142e+01,-3.033185307179764312e+00,-1.012662275413919666e+01,7.087292477465246066e+01
4.120000000000000284e+01,-3.039435307179775059e+00,-1.042496114791607198e+01,7.084139843914913115e+01
4.130000000000000426e+01,-3.045685307179787138e+00,-1.072349075310425093e+01,7.081173732221424189e+01
4.140000000000000568e+01,-3.051935307179800549e+00,-1.102219990842898945e+01,7.078394258248140147e+01
4.150000000000000000e+01,-3.058185307179815737e+00,-1.132107694560189159e+01,7.075801530567910902e+01
4.160000000000000142e+01,-3.064435307179834034e+00,-1.162011018977669607e+01,7.073395650458830630e+01
4.170000000000000284e+01,-3.070685307179854551e+00,-1.191928796000532564e+01,7.071176711900285738e+01
4.180000000000000426e+01,-3.076935307179879064e+00,-1.221859856969417457e+01,7.069144801569281356e+01
4.190000000000000568e+01,-3.083185307179908463e+00,-1.251803032706061103e+01,7.067299998837056307e+01
4.200000000000000000e+01,-3.089435307179947188e+00,-1.281757153558968731e+01,7.065642375765982308e+01
4.210000000000000142e+01,-3.095685307179994794e+00,-1.311721049449103305e+01,7.064171997106750212e+01
4.220000000000000284e+01,-3.101935307180057944e+00,-1.341693549915591710e+01,7.062888920295839057e+01
4.230000000000000426e+01,-3.108185307180144186e+00,-1.371673484161445877e+01,7.061793195453275018e+01
4.240000000000000568e+01,-3.114435307180273504e+00,-1.401659681099296328e+01,7.060884865380668884e+01
4.250000000000000000e+01,-3.120685307180476986e+00,-1.431650969397137985e+01,7.060163965559549126e+01
4.260000000000000142e+01,-3.126935307180855439e+00,-1.461646177524085566e+01,7.059630524149973496e+01
4.270000000000000284e+01,-3.133185307181793000e+00,-1.491644133796135563e+01,7.059284561989429108e+01
4.280000000000000426e+01,-3.139435307188149782e+00,-1.521643666421935492e+01,7.059126092592019575e+01
4.290000000000000568e+01,3.137500000004484146e+00,-1.551643603548556882e+01,7.059155122147934946e+01
4.300000000000000000e+01,3.131250000001768896e+00,-1.581642773307270211e+01,7.059371649523211545e+01
4.310000000000000142e+01,3.125000000001104450e+00,-1.611640003859321624e+01,7.059775666259776017e+01
4.320000000000000284e+01,3.118750000000799272e+00,-1.641634123441706805e+01,7.060367156575776448e+01
4.330000000000000426e+01,3.112500000000624212e+00,-1.671623960412943788e+01,7.061146097366197694e+01
4.340000000000000568e+01,3.106250000000510436e+00,-1.701608343298838832e+01,7.062112458203765186e+01
4.350000000000000000e+01,3.100000000000433076e+00,-1.731586100838248754e+01,7.063266201340130124e+01
4.360000000000000142e+01,3.093750000000375255e+00,-1.761556062028830993e+01,7.064607281707348818e+01
4.370000000000000284e+01,3.087500000000332090e+00,-1.791517056172787647e+01,7.066135646919639157e+01
4.380000000000000426e+01,3.081250000000296030e+00,-1.821467912922594579e+01,7.067851237275429810e+01
4.390000000000000568e+01,3.075000000000267963e+00,-1.851407462326718800e+01,7.069753985759690806e+01
4.400000000000000000e+01,3.068750000000244338e+00,-1.881334534875318454e+01,7.071843818046551178e+01
4.410000000000000142e+01,3.062500000000223821e+00,-1.911247961545927510e+01,7.074120652502202233e+01
4.420000000000000284e+01,3.056250000000207301e+00,-1.941146573849120216e+01,7.076584400188089319e+01
4.430000000000000426e+01,3.050000000000192557e+00,-1.971029203874155655e+01,7.079234964864380686e+01
4.440000000000000568e+01,3.043750000000180478e+00,-2.000894684334597784e+01,7.082072242993730526e+01
4.450000000000000000e+01,3.037500000000169287e+00,-2.030741848613914158e+01,7.085096123745323382e+01
4.460000000000000142e+01,3.031250000000159428e+00,-2.060569530811045169e+01,7.088306488999201349e+01
4.470000000000000284e+01,3.025000000000150013e+00,-2.090376565785947705e+01,7.091703213350879764e+01
4.480000000000000426e+01,3.018750000000141931e+00,-2.120161789205108249e+01,7.095286164116245686e+01
4.490000000000000568e+01,3.012500000000134293e+00,-2.149924037587024372e+01,7.099055201336740595e+01
4.500000000000000000e+01,3.006250000000127542e+00,-2.179662148347653172e+01,7.103010177784827306e+01
4.510000000000000142e+01,3.000000000000120792e+00,-2.209374959845824549e+01,7.107150938969741105e+01
4.520000000000000284e+01,2.993750000000115818e+00,-2.239061311428617174e+01,7.111477323143525098e+01
4.530000000000000426e+01,2.987500000000110845e+00,-2.268720043476697512e+01,7.115989161307346933e+01
4.540000000000000568e+01,2.981250000000105871e+00,-2.298349997449616211e+01,7.120686277218102589e+01
4.550000000000000000e+01,2.975000000000101785e+00,-2.327950015931063632e+01,7.125568487395298689e+01
4.560000000000000142e+01,2.968750000000098144e+00,-2.357518942674081686e+01,7.130635601128221879e+01
4.570000000000000284e+01,2.962500000000094502e+00,-2.387055622646229480e+01,7.135887420483385313e+01
4.580000000000000426e+01,2.956250000000090861e+00,-2.416558902074701365e+01,7.141323740312263624e+01
4.590000000000000568e+01,2.950000000000087663e+00,-2.446027628491396300e+01,7.146944348259305002e+01
4.600000000000000000e+01,2.943750000000084466e+00,-2.475460650777935712e+01,7.152749024770224651e+01
4.610000000000000142e+01,2.937500000000081712e+00,-2.504856819210628771e+01,7.158737543100586720e+01
4.620000000000000284e+01,2.931250000000078959e+00,-2.534214985505384377e+01,7.164909669324653407e+01
4.630000000000000426e+01,2.925000000000076206e+00,-2.563534002862564520e+01,7.171265162344531063e+01
4.640000000000000568e+01,2.918750000000073896e+00,-2.592812726011781876e+01,7.177803773899580619e+01
4.650000000000000000e+01,2.912500000000071143e+00,-2.622050011256636637e+01,7.184525248576119338e+01
4.660000000000000142e+01,2.906250000000068834e+00,-2.651244716519391531e+01,7.191429323817396835e+01
4.670000000000000284e+01,2.900000000000066525e+00,-2.680395701385584317e+01,7.198515729933852469e+01
4.680000000000000426e+01,2.893750000000064215e+00,-2.709501827148575259e+01,7.205784190113649856e+01
4.690000000000000568e+01,2.887500000000062350e+00,-2.738561956854028168e+01,7.213234420433485639e+01
4.700000000000000000e+01,2.881250000000060485e+00,-2.767574955344321452e+01,7.220866129869685324e+01
4.710000000000000142e+01,2.875000000000058620e+00,-2.796539689302890608e+01,7.228679020309570546e+01
4.720000000000000284e+01,2.868750000000056755e+00,-2.825455027298498578e+01,7.236672786563100601e+01
4.730000000000000426e+01,2.862500000000055334e+00,-2.854319839829431871e+01,7.244847116374799612e+01
4.740000000000000568e+01,2.856250000000053912e+00,-2.883132999367620997e+01,7.253201690435946603e+01
4.750000000000000000e+01,2.850000000000052491e+00,-2.911893380402685594e+01,7.261736182397055472e+01
4.760000000000000142e+01,2.843750000000051070e+00,-2.940599859485898193e+01,7.270450258880620709e+01
4.770000000000000284e+01,2.837500000000050093e+00,-2.969251315274070180e+01,7.279343579494135952e+01
4.780000000000000426e+01,2.831250000000048672e+00,-2.997846628573352845e+01,7.288415796843395356e+01
4.790000000000000568e+01,2.825000000000047695e+00,-3.026384682382956370e+01,7.297666556546063532e+01
4.800000000000000000e+01,2.818750000000046718e+00,-3.054864361938782835e+01,7.307095497245515503e+01
4.810000000000000142e+01,2.812500000000045741e+00,-3.083284554756971119e+01,7.316702250624953763e+01
4.820000000000000284e+01,2.806250000000044320e+00,-3.111644150677352627e+01,7.326486441421796769e+01
4.830000000000000426e+01,2.800000000000043787e+00,-3.139942041906818204e+01,7.336447687442334598e+01
4.840000000000000568e+01,2.793750000000042810e+00,-3.168177123062589828e+01,7.346585599576661707e+01
4.850000000000000000e+01,2.787500000000041833e+00,-3.196348291215400295e+01,7.356899781813874029e+01
4.860000000000000142e+01,2.781250000000040856e+00,-3.224454445932575197e+01,7.367389831257540322e+01
4.870000000000000284e+01,2.775000000000039879e+00,-3.252494489321020410e+01,7.378055338141437858e+01
4.880000000000000426e+01,2.768750000000039346e+00,-3.280467326070106537e+01,7.388895885845559519e+01
4.890000000000000568e+01,2.762500000000038369e+00,-3.308371863494454601e+01,7.399911050912389499e+01
4.900000000000000000e+01,2.756250000000037392e+00,-3.336207011576620118e+01,7.411100403063441888e+01
4.910000000000000142e+01,2.750000000000036859e+00,-3.363971683009670244e+01,7.422463505216073543e+01
4.920000000000000284e+01,2.743750000000036326e+00,-3.391664793239657172e+01,7.433999913500549894e+01
4.930000000000000426e+01,2.737500000000035350e+00,-3.419285260507984248e+01,7.445709177277389301e+01
4.940000000000000568e+01,2.731250000000034817e+00,-3.446832005893661233e+01,7.457590839154964613e+01
4.950000000000000000e+01,2.725000000000034284e+00,-3.474303953355449437e+01,7.469644435007369054e+01
4.960000000000000142e+01,2.718750000000033307e+00,-3.501700029773893874e+01,7.481869493992547859e+01
4.970000000000000284e+01,2.712500000000032774e+00,-3.529019164993243152e+01,7.494265538570688534e+01
4.980000000000000426e+01,2.706250000000032241e+00,-3.556260291863251410e+01,7.506832084522876869e+01
4.990000000000000568e+01,2.700000000000031708e+00,-3.583422346280864446e+01,7.519568640970008744e+01
5.000000000000000000e+01,2.693750000000031175e+00,-3.610504267231785036e+01,7.532474710391967676e+01
5.010000000000000142e+01,2.687500000000030198e+00,-3.637504996831920323e+01,7.545549788647058165e+01
5.020000000000000284e+01,2.681250000000029665e+00,-3.664423480368702712e+01,7.558793364991697672e+01
5.030000000000000426e+01,2.675000000000029132e+00,-3.691258666342292827e+01,7.572204922100370084e+01
5.040000000000000568e+01,2.668750000000028599e+00,-3.718009506506650297e+01,7.585783936085830703e+01
5.050000000000000000e+01,2.662500000000028066e+00,-3.744674955910483050e+01,7.599529876519572724e+01
5.060000000000000142e+01,2.656250000000027089e+00,-3.771253972938063725e+01,7.613442206452546657e+01
5.070000000000000284e+01,2.650000000000027001e+00,-3.797745519349920329e+01,7.627520382436132707e+01
5.080000000000000426e+01,2.643750000000026468e+00,-3.824148560323389034e+01,7.641763854543370371e+01
5.090000000000000568e+01,2.637500000000025935e+00,-3.850462064493039094e+01,7.656172066390443831e+01
5.100000000000000000e+01,2.631250000000025402e+00,-3.876685003990960610e+01,7.670744455158408925e+01
5.110000000000000142e+01,2.625000000000024869e+00,-3.902816354486913042e+01,7.685480451615181607e+01
5.120000000000000284e+01,2.618750000000024780e+00,-3.928855095228340844e+01,7.700379480137775090e+01
5.130000000000000426e+01,2.612500000000024691e+00,-3.954800209080244855e+01,7.715440958734781418e+01
5.140000000000000568e+01,2.606250000000024158e+00,-3.980650682564913723e+01,7.730664299069108836e+01
5.150000000000000000e+01,2.600000000000023626e+00,-4.006405505901514630e+01,7.746048906480960738e+01
5.160000000000000142e+01,2.593750000000023093e+00,-4.032063673045535523e+01,7.761594180011067579e+01
5.170000000000000284e+01,2.587500000000022560e+00,-4.057624181728085233e+01,7.777299512424157513e+01
5.180000000000000426e+01,2.581250000000022471e+00,-4.083086033495042955e+01,7.793164290232680003e+01
5.190000000000000568e+01,2.575000000000021938e+00,-4.108448233746062783e+01,7.809187893720769580e+01
5.200000000000000000e+01,2.568750000000021849e+00,-4.133709791773421216e+01,7.825369696968452615e+01
5.210000000000000142e+01,2.562500000000021316e+00,-4.158869720800720415e+01,7.841709067876097095e+01
5.220000000000000284e+01,2.556250000000020783e+00,-4.183927038021432310e+01,7.858205368189105400e+01
5.230000000000000426e+01,2.550000000000020250e+00,-4.208880764637288507e+01,7.874857953522842990e+01
5.240000000000000568e+01,2.543750000000020162e+00,-4.233729925896516733e+01,7.891666173387814354e+01
5.250000000000000000e+01,2.537500000000019629e+00,-4.258473551131914547e+01,7.908629371215066328e+01
5.260000000000000142e+01,2.531250000000019540e+00,-4.283110673798768175e+01,7.925746884381842960e+01
5.270000000000000284e+01,2.525000000000019007e+00,-4.307640331512605769e+01,7.943018044237460629e+01
5.280000000000000426e+01,2.518750000000018474e+00,-4.332061566086792226e+01,7.960442176129434699e+01
5.290000000000000568e+01,2.512500000000018385e+00,-4.356373423569957026e+01,7.978018599429829294e+01
5.300000000000000000e+01,2.506250000000018296e+00,-4.380574954283258649e+01,7.995746627561842956e+01
5.310000000000000142e+01,2.500000000000017764e+00,-4.404665212857480583e+01,8.013625568026631640e+01
5.320000000000000284e+01,2.493750000000017231e+00,-4.428643258269961080e+01,8.031654722430356230e+01
5.330000000000000426e+01,2.487500000000017142e+00,-4.452508153881350239e+01,8.049833386511465960e+01
5.340000000000000568e+01,2.481250000000016609e+00,-4.476258967472197270e+01,8.068160850168206366e+01
5.350000000000000000e+01,2.475000000000016520e+00,-4.499894771279367234e+01,8.086636397486360295e+01
5.360000000000000142e+01,2.468750000000015987e+00,-4.523414642032278721e+01,8.105259306767207761e+01
5.370000000000000284e+01,2.462500000000015454e+00,-4.546817660988970999e+01,8.124028850555724546e+01
5.380000000000000426e+01,2.456250000000015365e+00,-4.570102913971992109e+01,8.142944295668992538e+01
5.390000000000000568e+01,2.450000000000015277e+00,-4.593269491404108607e+01,8.162004903224841712e+01
5.400000000000000000e+01,2.443750000000014744e+00,-4.616316488343834834e+01,8.181209928670713794e+01
5.410000000000000142e+01,2.437500000000014655e+00,-4.639243004520783842e+01,8.200558621812743354e+01
5.420000000000000284e+01,2.431250000000014122e+00,-4.662048144370832148e+01,8.220050226845066277e+01
5.430000000000000426e+01,2.425000000000014033e+00,-4.684731017071104731e+01,8.239683982379338545e+01
5.440000000000000568e+01,2.418750000000013944e+00,-4.707290736574771017e+01,8.259459121474480980e+01
5.450000000000000000e+01,2.412500000000013856e+00,-4.729726421645656131e+01,8.279374871666638569e+01
5.460000000000000142e+01,2.406250000000013323e+00,-4.752037195892665267e+01,8.299430454999350104e+01
5.470000000000000284e+01,2.400000000000013234e+00,-4.774222187804016215e+01,8.319625088053942363e+01
5.480000000000000426e+01,2.393750000000013145e+00,-4.796280530781282891e+01,8.339957981980130342e+01
5.490000000000000568e+01,2.387500000000012612e+00,-4.818211363173248429e+01,8.360428342526829226e+01
5.500000000000000000e+01,2.381250000000012523e+00,-4.840013828309560751e+01,8.381035370073183799e+01
5.510000000000000142e+01,2.375000000000012434e+00,-4.861687074534197706e+01,8.401778259659801051e+01
5.520000000000000284e+01,2.368750000000011902e+00,-4.883230255238734685e+01,8.422656201020194544e+01
5.530000000000000426e+01,2.362500000000011813e+00,-4.904642528895414699e+01,8.443668378612433401e+01
5.540000000000000568e+01,2.356250000000011724e+00,-4.925923059090020217e+01,8.464813971651003044e+01
5.550000000000000000e+01,2.350000000000011635e+00,-4.947071014554547475e+01,8.486092154138864885e+01
5.560000000000000142e+01,2.343750000000011546e+00,-4.968085569199674723e+01,8.507502094899719225e+01
5.570000000000000284e+01,2.337500000000011013e+00,-4.988965902147032949e+01,8.529042957610478481e+01
5.580000000000000426e+01,2.331250000000010925e+00,-5.009711197761271961e+01,8.550713900833932257e+01
5.590000000000000568e+01,2.325000000000010836e+00,-5.030320645681919700e+01,8.572514078051617048e+01
5.600000000000000000e+01,2.318750000000010303e+00,-5.050793440855036920e+01,8.594442637696882059e+01
5.610000000000000142e+01,2.312500000000010658e+00,-5.071128783564665810e+01,8.616498723188153974e+01
5.620000000000000284e+01,2.306250000000010125e+00,-5.091325879464067583e+01,8.638681472962397834e+01
5.630000000000000426e+01,2.300000000000010036e+00,-5.111383939606751881e+01,8.660990020508771181e+01
5.640000000000000568e+01,2.293750000000009948e+00,-5.131302180477294428e+01,8.683423494402472897e+01
5.650000000000000000e+01,2.287500000000009415e+00,-5.151079824021944376e+01,8.705981018338781041e+01
5.660000000000000142e+01,2.281250000000009770e+00,-5.170716097679015633e+01,8.728661711167285375e+01
5.670000000000000284e+01,2.275000000000009237e+00,-5.190210234409065748e+01,8.751464686926306058e+01
5.680000000000000426e+01,2.268750000000009592e+00,-5.209561472724856657e+01,8.774389054877501337e+01
5.690000000000000568e+01,2.262500000000009059e+00,-5.228769056721102970e+01,8.797433919540664249e+01
5.700000000000000000e+01,2.256250000000008971e+00,-5.247832236103996451e+01,8.820598380728698373e+01
5.710000000000000142e+01,2.250000000000008882e+00,-5.266750266220517318e+01,8.843881533582785437e+01
5.720000000000000284e+01,2.243750000000008793e+00,-5.285522408087518897e+01,8.867282468607726287e+01
5.730000000000000426e+01,2.237500000000008704e+00,-5.304147928420596969e+01,8.890800271707472291e+01
5.740000000000000568e+01,2.231250000000008171e+00,-5.322626099662731747e+01,8.914434024220830111e+01
5.750000000000000000e+01,2.225000000000008082e+00,-5.340956200012708877e+01,8.938182802957348372e+01
5.760000000000000142e+01,2.218750000000007994e+00,-5.359137513453313773e+01,8.962045680233377709e+01
5.770000000000000284e+01,2.212500000000007905e+00,-5.377169329779302842e+01,8.986021723908307024e+01
5.780000000000000426e+01,2.206250000000007816e+00,-5.395050944625143075e+01,9.010109997420980221e+01
5.790000000000000568e+01,2.200000000000007283e+00,-5.412781659492528519e+01,9.034309559826276370e+01
5.800000000000000000e+01,2.193750000000007638e+00,-5.430360781777663703e+01,9.058619465831866080e+01
5.810000000000000142e+01,2.187500000000007550e+00,-5.447787624798320394e+01,9.083038765835136985e+01
5.820000000000000284e+01,2.181250000000007461e+00,-5.465061507820659159e+01,9.107566505960286918e+01
5.830000000000000426e+01,2.175000000000006928e+00,-5.482181756085820012e+01,9.132201728095587612e+01
5.840000000000000568e+01,2.168750000000006839e+00,-5.499147700836282837e+01,9.156943469930806145e+01
5.850000000000000000e+01,2.162500000000006750e+00,-5.515958679341987647e+01,9.181790764994798337e+01
5.860000000000000142e+01,2.156250000000006661e+00,-5.532614034926224633e+01,9.206742642693259882e+01
5.870000000000000284e+01,2.150000000000006573e+00,-5.549113116991284045e+01,9.231798128346640908e+01
5.880000000000000426e+01,2.143750000000006484e+00,-5.565455281043870173e+01,9.256956243228219705e+01
5.890000000000000568e+01,2.137500000000006395e+00,-5.581639888720278719e+01,9.282216004602331338e+01
5.900000000000000000e+01,2.131250000000006306e+00,-5.597666307811329034e+01,9.307576425762761119e+01
5.910000000000000142e+01,2.125000000000006217e+00,-5.613533912287063998e+01,9.333036516071280175e+01
5.920000000000000284e+01,2.118750000000006128e+00,-5.629242082321201224e+01,9.358595280996350141e+01
5.930000000000000426e+01,2.112500000000006040e+00,-5.644790204315346926e+01,9.384251722151964259e+01
5.940000000000000568e+01,2.106250000000005951e+00,-5.660177670922961823e+01,9.410004837336653338e+01
5.950000000000000000e+01,2.100000000000005862e+00,-5.675403881073088286e+01,9.435853620572629552e+01
5.960000000000000142e+01,2.093750000000005773e+00,-5.690468239993828803e+01,9.461797062145085135e+01
5.970000000000000284e+01,2.087500000000005684e+00,-5.705370159235577887e+01,9.487834148641633192e+01
5.980000000000000426e+01,2.081250000000005596e+00,-5.720109056694010974e+01,9.513963862991892029e+01
5.990000000000000568e+01,2.075000000000005507e+00,-5.734684356632819657e+01,9.540185184507218707e+01
6.000000000000000000e+01,2.068750000000005418e+00,-5.749095489706203210e+01,9.566497088920574754e+01
6.010000000000000142e+01,2.062500000000005329e+00,-5.763341892981109282e+01,9.592898548426539662e+01
6.020000000000000284e+01,2.056250000000005240e+00,-5.777423009959220934e+01,9.619388531721457980e+01
6.030000000000000426e+01,2.050000000000005151e+00,-5.791338290598696403e+01,9.645966004043727082e+01
6.040000000000000568e+01,2.043750000000005063e+00,-5.805087191335655206e+01,9.672629927214212842e+01
6.050000000000000000e+01,2.037500000000004974e+00,-5.818669175105411284e+01,9.699379259676807408e+01
6.060000000000000142e+01,2.031250000000004885e+00,-5.832083711363449652e+01,9.726212956539113463e+01
6.070000000000000284e+01,2.025000000000004796e+00,-5.845330276106154344e+01,9.753129969613257799e+01
6.080000000000000426e+01,2.018750000000004707e+00,-5.858408351891274179e+01,9.780129247456841313e+01
6.090000000000000568e+01,2.012500000000004619e+00,-5.871317427858136284e+01,9.807209735414005536e+01
6.100000000000000000e+01,2.006250000000004530e+00,-5.884056999747602390e+01,9.834370375656632746e+01
6.110000000000000142e+01,2.000000000000004441e+00,-5.896626569921765793e+01,9.861610107225668287e+01
6.120000000000000284e+01,1.993750000000004130e+00,-5.909025647383389668e+01,9.888927866072560846e+01
6.130000000000000426e+01,1.987500000000004041e+00,-5.921253747795087463e+01,9.916322585100829201e+01
6.140000000000000568e+01,1.981250000000003952e+00,-5.933310393498241808e+01,9.943793194207744079e+01
6.150000000000000000e+01,1.975000000000003864e+00,-5.945195113531662656e+01,9.971338620326130808e+01
6.160000000000000142e+01,1.968750000000003775e+00,-5.956907443649985368e+01,9.998957787466284231e+01
6.170000000000000284e+01,1.962500000000003686e+00,-5.968446926341803760e+01,1.002664961675800015e+02
6.180000000000000426e+01,1.956250000000003597e+00,-5.979813110847542390e+01,1.005441302649271762e+02
6.190000000000000568e+01,1.950000000000003508e+00,-5.991005553177064513e+01,1.008224693216577492e+02
6.200000000000000000e+01,1.943750000000003419e+00,-6.002023816127014300e+01,1.011015024651877070e+02
6.210000000000000142e+01,1.937500000000003331e+00,-6.012867469297896861e+01,1.013812187958203594e+02
6.220000000000000284e+01,1.931250000000003242e+00,-6.023536089110888980e+01,1.016616073871721113e+02
6.230000000000000426e+01,1.925000000000003153e+00,-6.034029258824385522e+01,1.019426572865992568e+02
6.240000000000000568e+01,1.918750000000003064e+00,-6.044346568550279386e+01,1.022243575156258402e+02
6.250000000000000000e+01,1.912500000000002975e+00,-6.054487615269970746e+01,1.025066970703724962e+02
6.260000000000000142e+01,1.906250000000002887e+00,-6.064452002850111967e+01,1.027896649219862582e+02
6.270000000000000284e+01,1.900000000000002798e+00,-6.074239342058079671e+01,1.030732500170714019e+02
6.280000000000000426e+01,1.893750000000002709e+00,-6.083849250577181067e+01,1.033574412781212146e+02
6.290000000000000568e+01,1.887500000000002842e+00,-6.093281353021586710e+01,1.036422276039507011e+02
6.300000000000000000e+01,1.881250000000002753e+00,-6.102535280950993979e+01,1.039275978701302137e+02
6.310000000000000142e+01,1.875000000000002442e+00,-6.111610672885019824e+01,1.042135409294200201e+02
6.320000000000000284e+01,1.868750000000002354e+00,-6.120507174317320676e+01,1.045000456122057244e+02
6.330000000000000426e+01,1.862500000000002487e+00,-6.129224437729440922e+01,1.047871007269345967e+02
6.340000000000000568e+01,1.856250000000002398e+00,-6.137762122604387116e+01,1.050746950605527132e+02
6.350000000000000000e+01,1.850000000000002309e+00,-6.146119895439928627e+01,1.053628173789429781e+02
6.360000000000000142e+01,1.843750000000002220e+00,-6.154297429761627569e+01,1.056514564273639678e+02
6.370000000000000284e+01,1.837500000000002132e+00,-6.162294406135588787e+01,1.059406009308895591e+02
6.380000000000000426e+01,1.831250000000002043e+00,-6.170110512180939821e+01,1.062302395948493512e+02
6.390000000000000568e+01,1.825000000000001954e+00,-6.177745442582032354e+01,1.065203611052698704e+02
6.400000000000000000e+01,1.818750000000001865e+00,-6.185198899100367953e+01,1.068109541293164995e+02
6.410000000000000853e+01,1.812500000000001776e+00,-6.192470590586249557e+01,1.071020073157361736e+02
6.420000000000000284e+01,1.806250000000001688e+00,-6.199560232990152997e+01,1.073935092953008308e+02
6.429999999999999716e+01,1.800000000000001599e+00,-6.206467549373823545e+01,1.076854486812514438e+02
6.440000000000000568e+01,1.793750000000001510e+00,-6.213192269921093214e+01,1.079778140697428768e+02
6.450000000000000000e+01,1.787500000000001643e+00,-6.219734131948420242e+01,1.082705940402893106e+02
6.460000000000000853e+01,1.781250000000001554e+00,-6.226092879915151457e+01,1.085637771562103921e+02
6.470000000000000284e+01,1.775000000000001465e+00,-6.232268265433503274e+01,1.088573519650779247e+02
6.479999999999999716e+01,1.768750000000001377e+00,-6.238260047278263443e+01,1.091513069991632676e+02
6.490000000000000568e+01,1.762500000000001288e+00,-6.244067991396215689e+01,1.094456307758852773e+02
6.500000000000000000e+01,1.756250000000001199e+00,-6.249691870915281555e+01,1.097403117982588583e+02
6.510000000000000853e+01,1.750000000000001110e+00,-6.255131466153382291e+01,1.100353385553440404e+02
6.520000000000000284e+01,1.743750000000001021e+00,-6.260386564627020789e+01,1.103306995226956388e+02
6.529999999999999716e+01,1.737500000000000933e+00,-6.265456961059581431e+01,1.106263831628134255e+02
6.540000000000000568e+01,1.731250000000000844e+00,-6.270342457389347857e+01,1.109223779255927980e+02
6.550000000000000000e+01,1.725000000000000977e+00,-6.275042862777240771e+01,1.112186722487759738e+02
6.560000000000000853e+01,1.718750000000000888e+00,-6.279557993614272959e+01,1.115152545584036403e+02
6.570000000000000284e+01,1.712500000000000799e+00,-6.283887673528720086e+01,1.118121132692670301e+02
6.579999999999999716e+01,1.706250000000000711e+00,-6.288031733393010825e+01,1.121092367853605083e+02
6.590000000000000568e+01,1.700000000000000622e+00,-6.291990011330333488e+01,1.124066135003345011e+02
6.600000000000000000e+01,1.693750000000000533e+00,-6.295762352720959854e+01,1.127042317979488928e+02
6.610000000000000853e+01,1.687500000000000444e+00,-6.299348610208283361e+01,1.130020800525267788e+02
6.620000000000000284e+01,1.681250000000000355e+00,-6.302748643704578058e+01,1.133001466294085873e+02
6.629999999999999716e+01,1.675000000000000266e+00,-6.305962320396466936e+01,1.135984198854065568e+02
6.640000000000000568e+01,1.668750000000000178e+00,-6.308989514750113159e+01,1.138968881692595687e+02
6.650000000000000000e+01,1.662500000000000311e+00,-6.311830108516122095e+01,1.141955398220882216e+02
6.660000000000000853e+01,1.656250000000000222e+00,-6.314483990734161267e+01,1.144943631778503033e+02
6.670000000000000284e+01,1.650000000000000133e+00,-6.316951057737293240e+01,1.147933465637964758e+02
6.679999999999999716e+01,1.643750000000000044e+00,-6.319231213156027849e+01,1.150924783009262455e+02
6.690000000000000568e+01,1.637499999999999956e+00,-6.321324367922083809e+01,1.153917467044441736e+02
6.700000000000000000e+01,1.631249999999999867e+00,-6.323230440271868957e+01,1.156911400842162863e+02
6.710000000000000853e+01,1.625000000000000000e+00,-6.324949355749674140e+01,1.159906467452267691e+02
6.720000000000000284e+01,1.618749999999999911e+00,-6.326481047210582886e+01,1.162902549880347607e+02
6.729999999999999716e+01,1.612499999999999822e+00,-6.327825454823091889e+01,1.165899531092313737e+02
6.740000000000000568e+01,1.606249999999999734e+00,-6.328982526071449399e+01,1.168897294018968438e+02
6.750000000000000000e+01,1.599999999999999645e+00,-6.329952215757707279e+01,1.171895721560578636e+02
6.760000000000000853e+01,1.593749999999999556e+00,-6.330734486003485273e+01,1.174894696591449872e+02
6.770000000000000284e+01,1.587499999999999467e+00,-6.331329306251451783e+01,1.177894101964501203e+02
6.779999999999999716e+01,1.581249999999999600e+00,-6.331736653266516157e+01,1.180893820515841668e+02
6.790000000000000568e+01,1.574999999999999512e+00,-6.331956511136737475e+01,1.183893735069346889e+02
6.800000000000000000e+01,1.568749999999999423e+00,-6.331988871273945563e+01,1.186893728441235965e+02
6.810000000000000853e+01,1.562499999999999334e+00,-6.331833732414076366e+01,1.189893683444649355e+02
6.820000000000000284e+01,1.556249999999999245e+00,-6.331491100617222401e+01,1.192893482894226196e+02
6.829999999999999716e+01,1.549999999999999156e+00,-6.330960989267394723e+01,1.195893009610681901e+02
6.840000000000000568e+01,1.543749999999999289e+00,-6.330243419071999966e+01,1.198892146425385477e+02
6.850000000000000000e+01,1.537499999999999201e+00,-6.329338418061033167e+01,1.201890776184936414e+02
6.860000000000000853e+01,1.531249999999999112e+00,-6.328246021585981396e+01,1.204888781755741149e+02
6.870000000000000284e+01,1.524999999999999023e+00,-6.326966272318442464e+01,1.207886046028588254e+02
6.879999999999999716e+01,1.518749999999998934e+00,-6.325499220248459409e+01,1.210882451923223186e+02
6.890000000000000568e+01,1.512499999999999067e+00,-6.323844922682567926e+01,1.213877882392921634e+02
6.900000000000000000e+01,1.506249999999998979e+00,-6.322003444241556025e+01,1.216872220429061855e+02
6.910000000000000853e+01,1.499999999999998890e+00,-6.319974856857940892e+01,1.219865349065695028e+02
6.920000000000000284e+01,1.493749999999998801e+00,-6.317759239773159408e+01,1.222857151384114331e+02
6.929999999999999716e+01,1.487499999999998712e+00,-6.315356679534471596e+01,1.225847510517422307e+02
6.940000000000000568e+01,1.481249999999998845e+00,-6.312767269991581998e+01,1.228836309655095391e+02
6.950000000000000000e+01,1.474999999999998757e+00,-6.309991112292971138e+01,1.231823432047547300e+02
6.960000000000000853e+01,1.468749999999998668e+00,-6.307028314881947040e+01,1.234808761010689437e+02
6.970000000000000284e+01,1.462499999999998579e+00,-6.303878993492406124e+01,1.237792179930488885e+02
6.979999999999999716e+01,1.456249999999998490e+00,-6.300543271144314872e+01,1.240773572267523264e+02
6.990000000000000568e+01,1.449999999999998623e+00,-6.297021278138903000e+01,1.243752821561533750e+02
7.000000000000000000e+01,1.443749999999998535e+00,-6.293313152053574555e+01,1.246729811435973403e+02
7.010000000000000853e+01,1.437499999999998446e+00,-6.289419037736533369e+01,1.249704425602553926e+02
7.020000000000000284e+01,1.431249999999998357e+00,-6.285339087301125005e+01,1.252676547865787597e+02
7.029999999999999716e+01,1.424999999999998268e+00,-6.281073460119894492e+01,1.255646062127526505e+02
7.040000000000000568e+01,1.418749999999998401e+00,-6.276622322818361255e+01,1.258612852391497370e+02
7.050000000000000000e+01,1.412499999999998312e+00,-6.271985849268509838e+01,1.261576802767832675e+02
7.060000000000000853e+01,1.406249999999998224e+00,-6.267164220581998535e+01,1.264537797477597820e+02
7.070000000000000284e+01,1.399999999999998135e+00,-6.262157625103085223e+01,1.267495720857313444e+02
7.079999999999999716e+01,1.393749999999998046e+00,-6.256966258401268988e+01,1.270450457363473618e+02
7.090000000000000568e+01,1.387499999999998179e+00,-6.251590323263651783e+01,1.273401891577059359e+02
7.100000000000000000e+01,1.381249999999998090e+00,-6.246030029687015883e+01,1.276349908208047026e+02
7.110000000000000853e+01,1.374999999999998002e+00,-6.240285594869622798e+01,1.279294392099911732e+02
7.120000000000000284e+01,1.368749999999998135e+00,-6.234357243202726551e+01,1.282235228234125941e+02
7.129999999999999716e+01,1.362499999999998046e+00,-6.228245206261810551e+01,1.285172301734651796e+02
7.140000000000000568e+01,1.356249999999997957e+00,-6.221949722797540261e+01,1.288105497872429623e+02
7.150000000000000000e+01,1.349999999999997868e+00,-6.215471038726438024e+01,1.291034702069858042e+02
7.160000000000000853e+01,1.343749999999997780e+00,-6.208809407121277246e+01,1.293959799905270529e+02
7.170000000000000284e+01,1.337499999999997913e+00,-6.201965088201194476e+01,1.296880677117404730e+02
7.179999999999999716e+01,1.331249999999997824e+00,-6.194938349321527937e+01,1.299797219609866090e+02
7.190000000000000568e+01,1.324999999999997735e+00,-6.187729464963371839e+01,1.302709313455584379e+02
7.200000000000000000e+01,1.318749999999997868e+00,-6.180338716722854286e+01,1.305616844901263960e+02
7.210000000000000853e+01,1.312499999999997780e+00,-6.172766393300138077e+01,1.308519700371827525e+02
7.220000000000000284e+01,1.306249999999997691e+00,-6.165012790488145100e+01,1.311417766474852442e+02
7.229999999999999716e+01,1.299999999999997602e+00,-6.157078211160998649e+01,1.314310930004999989e+02
7.240000000000000568e+01,1.293749999999997513e+00,-6.148962965262195013e+01,1.317199077948437491e+02
7.250000000000000000e+01,1.287499999999997646e+00,-6.140667369792495123e+01,1.320082097487253350e+02
7.260000000000000853e+01,1.281249999999997558e+00,-6.132191748797541919e+01,1.322959876003863542e+02
7.270000000000000284e+01,1.274999999999997469e+00,-6.123536433355203457e+01,1.325832301085410450e+02
7.279999999999999716e+01,1.268749999999997602e+00,-6.114701761562638183e+01,1.328699260528154582e+02
7.290000000000000568e+01,1.262499999999997513e+00,-6.105688078523089501e+01,1.331560642341857204e+02
7.300000000000000000e+01,1.256249999999997424e+00,-6.096495736332405357e+01,1.334416334754155287e+02
7.310000000000000853e+01,1.249999999999997335e+00,-6.087125094065283548e+01,1.337266226214927087e+02
7.320000000000000284e+01,1.243749999999997247e+00,-6.077576517761246322e+01,1.340110205400649477e+02
7.329999999999999716e+01,1.237499999999997380e+00,-6.067850380410340705e+01,1.342948161218747600e+02
7.340000000000000568e+01,1.231249999999997291e+00,-6.057947061938570954e+01,1.345779982811932882e+02
7.350000000000000000e+01,1.224999999999997202e+00,-6.047866949193055319e+01,1.348605559562534495e+02
7.360000000000000853e+01,1.218749999999997335e+00,-6.037610435926915642e+01,1.351424781096819743e+02
7.370000000000000284e+01,1.212499999999997247e+00,-6.027177922783897657e+01,1.354237537289306204e+02
7.379999999999999716e+01,1.206249999999997158e+00,-6.016569817282719868e+01,1.357043718267062502e+02
7.390000000000000568e+01,1.199999999999997069e+00,-6.005786533801153837e+01,1.359843214414001409e+02
7.400000000000000000e+01,1.193749999999997202e+00,-5.994828493559840155e+01,1.362635916375160434e+02
7.410000000000000853e+01,1.187499999999997113e+00,-5.983696124605831557e+01,1.365421715060974179e+02
7.420000000000000284e+01,1.181249999999997025e+00,-5.972389861795875277e+01,1.368200501651535888e+02
7.429999999999999716e+01,1.174999999999997158e+00,-5.960910146779424679e+01,1.370972167600847627e+02
7.440000000000000568e+01,1.168749999999997069e+00,-5.949257427981387281e+01,1.373736604641060808e+02
7.450000000000000000e+01,1.162499999999996980e+00,-5.937432160584609875e+01,1.376493704786704768e+02
7.460000000000000853e+01,1.156249999999996891e+00,-5.925434806512096486e+01,1.379243360338905973e+02
7.470000000000000284e+01,1.149999999999997025e+00,-5.913265834408965560e+01,1.381985463889593859e+02
7.479999999999999716e+01,1.143749999999997158e+00,-5.900925719624141408e+01,1.384719908325697304e+02
7.490000000000000568e+01,1.137499999999997069e+00,-5.888414944191789857e+01,1.387446586833328013e+02
7.500000000000000000e+01,1.131249999999996980e+00,-5.875733996812484605e+01,1.390165392901953680e+02
7.510000000000000853e+01,1.124999999999996891e+00,-5.862883372834119911e+01,1.392876220328558077e+02
7.520000000000000284e+01,1.118749999999997025e+00,-5.849863574232561803e+01,1.395578963221789195e+02
7.529999999999999716e+01,1.112499999999996936e+00,-5.836675109592037103e+01,1.398273516006096600e+02
7.540000000000000568e+01,1.106249999999997069e+00,-5.823318494085268782e+01,1.400959773425854848e+02
7.550000000000000000e+01,1.099999999999996980e+00,-5.809794249453351966e+01,1.403637630549475261e+02
7.560000000000000853e+01,1.093749999999996891e+00,-5.796102903985372734e+01,1.406306982773504046e+02
7.570000000000000284e+01,1.087499999999997025e+00,-5.782244992497772529e+01,1.408967725826709625e+02
7.579999999999999716e+01,1.081249999999996936e+00,-5.768221056313456785e+01,1.411619755774154612e+02
7.590000000000000568e+01,1.074999999999997069e+00,-5.754031643240649174e+01,1.414262969021256708e+02
7.600000000000000000e+01,1.068749999999996980e+00,-5.739677307551493612e+01,1.416897262317834247e+02
7.610000000000000853e+01,1.062499999999996891e+00,-5.725158609960402600e+01,1.419522532762140372e+02
7.620000000000000284e+01,1.056249999999996803e+00,-5.710476117602155455e+01,1.422138677804882434e+02
7.629999999999999716e+01,1.049999999999996936e+00,-5.695630404009742165e+01,1.424745595253227179e+02
7.640000000000000568e+01,1.043749999999997069e+00,-5.680622049091962111e+01,1.427343183274793148e+02
7.650000000000000000e+01,1.037499999999996980e+00,-5.665451639110771254e+01,1.429931340401628574e+02
7.660000000000000853e+01,1.031249999999996891e+00,-5.650119766658380627e+01,1.432509965534174796e+02
7.670000000000000284e+01,1.024999999999997025e+00,-5.634627030634108280e+01,1.435078957945215734e+02
7.680000000000001137e+01,1.018749999999996936e+00,-5.618974036220984658e+01,1.437638217283811741e+02
7.690000000000000568e+01,1.012499999999997069e+00,-5.603161394862114264e+01,1.440187643579220378e+02
7.700000000000000000e+01,1.006249999999996980e+00,-5.587189724236789345e+01,1.442727137244800986e+02
7.710000000000000853e+01,9.999999999999968914e-01,-5.571059648236362705e+01,1.445256599081905335e+02
7.720000000000000284e+01,9.937499999999969136e-01,-5.554771796939876793e+01,1.447775930283752075e+02
7.730000000000001137e+01,9.874999999999969358e-01,-5.538326806589451934e+01,1.450285032439286397e+02
7.740000000000000568e+01,9.812499999999969580e-01,-5.521725319565432955e+01,1.452783807537024643e+02
7.750000000000000000e+01,9.749999999999969802e-01,-5.504967984361294953e+01,1.455272157968882141e+02
7.760000000000000853e+01,9.687499999999970024e-01,-5.488055455558314577e+01,1.457749986533986544e+02
7.770000000000000284e+01,9.624999999999970246e-01,-5.470988393799996885e+01,1.460217196442474403e+02
7.780000000000001137e+01,9.562499999999970468e-01,-5.453767465766271982e+01,1.462673691319272677e+02
7.790000000000000568e+01,9.499999999999970690e-01,-5.436393344147451501e+01,1.465119375207862333e+02
7.800000000000000000e+01,9.437499999999970912e-01,-5.418866707617951306e+01,1.467554152574027739e+02
7.810000000000000853e+01,9.374999999999970024e-01,-5.401188240809783281e+01,1.469977928309587583e+02
7.820000000000000284e+01,9.312499999999971356e-01,-5.383358634285808364e+01,1.472390607736110155e+02
7.830000000000001137e+01,9.249999999999971578e-01,-5.365378584512764348e+01,1.474792096608612439e+02
7.840000000000000568e+01,9.187499999999971800e-01,-5.347248793834059200e+01,1.477182301119240435e+02
7.850000000000000000e+01,9.124999999999973133e-01,-5.328969970442336290e+01,1.479561127900934707e+02
7.860000000000000853e+01,9.062499999999973355e-01,-5.310542828351810130e+01,1.481928484031076323e+02
7.870000000000000284e+01,8.999999999999973577e-01,-5.291968087370375429e+01,1.484284277035117441e+02
7.880000000000001137e+01,8.937499999999973799e-01,-5.273246473071489504e+01,1.486628414890193426e+02
7.890000000000000568e+01,8.874999999999974021e-01,-5.254378716765830859e+01,1.488960806028717627e+02
7.900000000000000000e+01,8.812499999999975353e-01,-5.235365555472730392e+01,1.491281359341957398e+02
7.910000000000000853e+01,8.749999999999975575e-01,-5.216207731891383759e+01,1.493589984183594481e+02
7.920000000000000284e+01,8.687499999999976907e-01,-5.196905994371839199e+01,1.495886590373264085e+02
7.930000000000001137e+01,8.624999999999976019e-01,-5.177461096885763681e+01,1.498171088200079168e+02
7.940000000000000568e+01,8.562499999999977351e-01,-5.157873798996992321e+01,1.500443388426133993e+02
7.950000000000000000e+01,8.499999999999977573e-01,-5.138144865831858965e+01,1.502703402289989754e+02
7.960000000000000853e+01,8.437499999999976685e-01,-5.118275068049305787e+01,1.504951041510142318e+02
7.970000000000000284e+01,8.374999999999975797e-01,-5.098265181810783275e+01,1.507186218288470343e+02
7.980000000000001137e+01,8.312499999999974909e-01,-5.078115988749927112e+01,1.509408845313665211e+02
7.990000000000000568e+01,8.249999999999975131e-01,-5.057828275942029705e+01,1.511618835764641346e+02
8.000000000000000000e+01,8.187499999999975353e-01,-5.037402835873292872e+01,1.513816103313927783e+02
8.010000000000000853e+01,8.124999999999974465e-01,-5.016840466409872334e+01,1.516000562131040397e+02
8.020000000000000284e+01,8.062499999999975797e-01,-4.996141970766710472e+01,1.518172126885834246e+02
8.030000000000001137e+01,7.999999999999976019e-01,-4.975308157476160886e+01,1.520330712751837439e+02
8.040000000000000568e+01,7.937499999999975131e-01,-4.954339840356406910e+01,1.522476235409563969e+02
8.050000000000000000e+01,7.874999999999976463e-01,-4.933237838479669080e+01,1.524608611049807791e+02
8.060000000000000853e+01,7.812499999999976685e-01,-4.912002976140212951e+01,1.526727756376916432e+02
8.070000000000000284e+01,7.749999999999978018e-01,-4.890636082822148012e+01,1.528833588612045276e+02
8.080000000000001137e+01,7.687499999999976019e-01,-4.869137993167027645e+01,1.530926025496390253e+02
8.090000000000000568e+01,7.624999999999975131e-01,-4.847509546941245873e+01,1.533004985294401763e+02
8.100000000000000000e+01,7.562499999999976463e-01,-4.825751589003233022e+01,1.535070386796977004e+02
8.110000000000000853e+01,7.499999999999976685e-01,-4.803864969270453855e+01,1.537122149324632403e+02
8.120000000000000284e+01,7.437499999999978018e-01,-4.781850542686209593e+01,1.539160192730655012e+02
8.130000000000001137e+01,7.374999999999978240e-01,-4.759709169186238853e+01,1.541184437404233449e+02
8.140000000000000568e+01,7.312499999999979572e-01,-4.737441713665128162e+01,1.543194804273567797e+02
8.150000000000000000e+01,7.249999999999980904e-01,-4.715049045942527783e+01,1.545191214808957625e+02
8.160000000000000853e+01,7.187499999999981126e-01,-4.692532040729173559e+01,1.547173591025870394e+02
8.170000000000000284e+01,7.124999999999982458e-01,-4.669891577592718335e+01,1.549141855487987129e+02
8.180000000000001137e+01,7.062499999999982681e-01,-4.647128540923373663e+01,1.551095931310227343e+02
8.190000000000000568e+01,6.999999999999981792e-01,-4.624243819899366059e+01,1.553035742161752921e+02
8.200000000000000000e+01,6.937499999999983125e-01,-4.601238308452199988e+01,1.554961212268949282e+02
8.210000000000000853e+01,6.874999999999983347e-01,-4.578112905231741081e+01,1.556872266418384925e+02
8.220000000000000284e+01,6.812499999999983569e-01,-4.554868513571112487e+01,1.558768829959750235e+02
8.230000000000001137e+01,6.749999999999982681e-01,-4.531506041451407185e+01,1.560650828808772985e+02
8.240000000000000568e+01,6.687499999999982903e-01,-4.508026401466221955e+01,1.562518189450112516e+02
8.250000000000000000e+01,6.624999999999982014e-01,-4.484430510786008739e+01,1.564370838940231181e+02
8.260000000000000853e+01,6.562499999999983347e-01,-4.460719291122246233e+01,1.566208704910243910e+02
8.270000000000000284e+01,6.499999999999984679e-01,-4.436893668691437398e+01,1.568031715568745028e+02
8.280000000000001137e+01,6.437499999999986011e-01,-4.412954574178929334e+01,1.569839799704612346e+02
8.290000000000000568e+01,6.374999999999988454e-01,-4.388902942702556942e+01,1.571632886689789359e+02
8.300000000000000000e+01,6.312499999999987566e-01,-4.364739713776116758e+01,1.573410906482043572e+02
8.310000000000000853e+01,6.249999999999987788e-01,-4.340465831272666009e+01,1.575173789627702945e+02
8.320000000000000284e+01,6.187499999999990230e-01,-4.316082243387653250e+01,1.576921467264368744e+02
8.330000000000001137e+01,6.124999999999990452e-01,-4.291589902601879913e+01,1.578653871123605654e+02
8.340000000000000568e+01,6.062499999999991784e-01,-4.266989765644293442e+01,1.580370933533608024e+02
8.350000000000000000e+01,5.999999999999993117e-01,-4.242282793454616296e+01,1.582072587421843934e+02
8.360000000000000853e+01,5.937499999999994449e-01,-4.217469951145807272e+01,1.583758766317674826e+02
8.370000000000000284e+01,5.874999999999995781e-01,-4.192552207966364364e+01,1.585429404354951828e+02
8.380000000000001137e+01,5.812499999999996003e-01,-4.167530537262462076e+01,1.587084436274589052e+02
8.390000000000000568e+01,5.749999999999996225e-01,-4.142405916439930280e+01,1.588723797427112459e+02
8.400000000000000000e+01,5.687499999999996447e-01,-4.117179326926075333e+01,1.590347423775185689e+02
8.410000000000000853e+01,5.624999999999997780e-01,-4.091851754131342034e+01,1.591955251896110894e+02
8.420000000000000284e+01,5.562499999999999112e-01,-4.066424187410822810e+01,1.593547218984306539e+02
8.430000000000001137e+01,5.500000000000001554e-01,-4.040897620025609172e+01,1.595123262853760764e+02
8.440000000000000568e+01,5.437500000000000666e-01,-4.015273049103993230e+01,1.596683321940460303e+02
8.450000000000000000e+01,5.375000000000001998e-01,-3.989551475602518593e+01,1.598227335304795531e+02
8.460000000000000853e+01,5.312500000000002220e-01,-3.963733904266879904e+01,1.599755242633940497e+02
8.470000000000000284e+01,5.250000000000003553e-01,-3.937821343592673884e+01,1.601266984244209652e+02
8.480000000000001137e+01,5.187500000000003775e-01,-3.911814805786007554e+01,1.602762501083388429e+02
8.490000000000000568e+01,5.125000000000006217e-01,-3.885715306723956530e+01,1.604241734733040516e+02
8.500000000000000000e+01,5.062500000000008660e-01,-3.859523865914884766e+01,1.605704627410789556e+02
8.510000000000000853e+01,5.000000000000011102e-01,-3.833241506458617920e+01,1.607151121972576391e+02
8.520000000000000284e+01,4.937500000000013545e-01,-3.806869255006481012e+01,1.608581161914891027e+02
8.530000000000001137e+01,4.875000000000014877e-01,-3.780408141721192550e+01,1.609994691376980143e+02
8.540000000000000568e+01,4.812500000000013989e-01,-3.753859200236625071e+01,1.611391655143029027e+02
8.550000000000000000e+01,4.750000000000014766e-01,-3.727223467617429975e+01,1.612771998644317932e+02
8.560000000000000853e+01,4.687500000000014988e-01,-3.700501984318525928e+01,1.614135667961354557e+02
8.570000000000000284e+01,4.625000000000016320e-01,-3.673695794144455817e+01,1.615482609825979523e+02
8.580000000000001137e+01,4.562500000000017097e-01,-3.646805944208615102e+01,1.616812771623447418e+02
8.590000000000000568e+01,4.500000000000018430e-01,-3.619833484892347997e+01,1.618126101394482248e+02
8.600000000000000000e+01,4.437500000000017542e-01,-3.592779469803916470e+01,1.619422547837306752e+02
8.610000000000000853e+01,4.375000000000019429e-01,-3.565644955737344901e+01,1.620702060309646697e+02
8.620000000000000284e+01,4.312500000000021871e-01,-3.538431002631138966e+01,1.621964588830708749e+02
8.630000000000001137e+01,4.250000000000023759e-01,-3.511138673526880893e+01,1.623210084083133324e+02
8.640000000000000568e+01,4.187500000000025091e-01,-3.483769034527706765e+01,1.624438497414920164e+02
8.650000000000000000e+01,4.125000000000026978e-01,-3.456323154756658766e+01,1.625649780841330028e+02
8.660000000000000853e+01,4.062500000000029976e-01,-3.428802106314925879e+01,1.626843887046757970e+02
8.670000000000000284e+01,4.000000000000033529e-01,-3.401206964239963781e+01,1.628020769386581890e+02
8.680000000000001137e+01,3.937500000000035971e-01,-3.373538806463500350e+01,1.629180381888985494e+02
8.690000000000000568e+01,3.875000000000037859e-01,-3.345798713769431032e+01,1.630322679256752565e+02
8.700000000000000000e+01,3.812500000000039746e-01,-3.317987769751599103e+01,1.631447616869037631e+02
8.710000000000000853e+01,3.750000000000042744e-01,-3.290107060771469349e+01,1.632555150783107933e+02
8.720000000000000284e+01,3.687500000000046296e-01,-3.262157675915690191e+01,1.633645237736060949e+02
8.730000000000001137e+01,3.625000000000048739e-01,-3.234140706953554201e+01,1.634717835146513778e+02
8.740000000000000568e+01,3.562500000000050071e-01,-3.206057248294349193e+01,1.635772901116266382e+02
8.750000000000000000e+01,3.500000000000052514e-01,-3.177908396944607361e+01,1.636810394431938676e+02
8.760000000000000853e+01,3.437500000000052736e-01,-3.149695252465255635e+01,1.637830274566579760e+02
8.770000000000000284e+01,3.375000000000055733e-01,-3.121418916928662668e+01,1.638832501681251586e+02
8.780000000000001137e+01,3.312500000000056510e-01,-3.093080494875589892e+01,1.639817036626584752e+02
8.790000000000000568e+01,3.250000000000058398e-01,-3.064681093272045231e+01,1.640783840944308452e+02
8.800000000000000000e+01,3.187500000000060840e-01,-3.036221821466042670e+01,1.641732876868751703e+02
8.810000000000000853e+01,3.125000000000063838e-01,-3.007703791144268735e+01,1.642664107328319574e+02
8.820000000000000284e+01,3.062500000000067946e-01,-2.979128116288656258e+01,1.643577495946940417e+02
8.830000000000001137e+01,3.000000000000072609e-01,-2.950495913132870740e+01,1.644473007045487805e+02
8.840000000000000568e+01,2.937500000000076161e-01,-2.921808300118707180e+01,1.645350605643172912e+02
8.850000000000000000e+01,2.875000000000081379e-01,-2.893066397852401295e+01,1.646210257458912452e+02
8.860000000000000853e+01,2.812500000000082712e-01,-2.864271329060855464e+01,1.647051928912666483e+02
8.870000000000000284e+01,2.750000000000085154e-01,-2.835424218547782971e+01,1.647875587126750929e+02
8.880000000000001137e+01,2.687500000000089817e-01,-2.806526193149769810e+01,1.648681199927121668e+02
8.890000000000000568e+01,2.625000000000091704e-01,-2.777578381692259057e+01,1.649468735844630771e+02
8.900000000000000000e+01,2.562500000000097478e-01,-2.748581914945454585e+01,1.650238164116256883e+02
8.910000000000000853e+01,2.500000000000101030e-01,-2.719537925580151594e+01,1.650989454686306033e+02
8.920000000000000284e+01,2.437500000000105138e-01,-2.690447548123491472e+01,1.651722578207585741e+02
8.930000000000001137e+01,2.375000000000111466e-01,-2.661311918914644892e+01,1.652437506042551547e+02
8.940000000000000568e+01,2.312500000000114186e-01,-2.632132176060422779e+01,1.653134210264425974e+02
8.950000000000000000e+01,2.250000000000118017e-01,-2.602909459390820146e+01,1.653812663658289068e+02
8.960000000000000853e+01,2.187500000000122402e-01,-2.573644910414490639e+01,1.654472839722141089e+02
8.970000000000000284e+01,2.125000000000126787e-01,-2.544339672274157849e+01,1.655114712667938761e+02
8.980000000000001137e+01,2.062500000000134226e-01,-2.514994889701960190e+01,1.655738257422601691e+02
8.990000000000000568e+01,2.000000000000145550e-01,-2.485611708974735734e+01,1.656343449628992062e+02
9.000000000000000000e+01,1.937500000000151601e-01,-2.456191277869245226e+01,1.656930265646866474e+02
9.010000000000000853e+01,1.875000000000158762e-01,-2.426734745617337552e+01,1.657498682553798517e+02
9.020000000000000284e+01,1.812500000000162592e-01,-2.397243262861058355e+01,1.658048678146075474e+02
9.030000000000001137e+01,1.750000000000167533e-01,-2.367717981607702882e+01,1.658580230939564046e+02
9.040000000000000568e+01,1.687500000000174416e-01,-2.338160055184815533e+01,1.659093320170551067e+02
9.050000000000000000e+01,1.625000000000181022e-01,-2.308570638195138969e+01,1.659587925796553520e+02
9.060000000000000853e+01,1.562500000000195677e-01,-2.278950886471511694e+01,1.660064028497102413e+02
9.070000000000000284e+01,1.500000000000210887e-01,-2.249301957031719112e+01,1.660521609674496233e+02
9.080000000000001137e+01,1.437500000000224432e-01,-2.219625008033297320e+01,1.660960651454528261e+02
9.090000000000000568e+01,1.375000000000231593e-01,-2.189921198728293206e+01,1.661381136687185176e+02
9.100000000000000000e+01,1.312500000000241529e-01,-2.160191689417980498e+01,1.661783048947315820e+02
9.110000000000000853e+01,1.250000000000262013e-01,-2.130437641407536375e+01,1.662166372535273808e+02
9.120000000000000284e+01,1.187500000000277639e-01,-2.100660216960677928e+01,1.662531092477530024e+02
9.130000000000001137e+01,1.125000000000300621e-01,-2.070860579254260969e+01,1.662877194527258098e+02
9.140000000000000568e+01,1.062500000000316108e-01,-2.041039892332844374e+01,1.663204665164890912e+02
9.150000000000000000e+01,1.000000000000339229e-01,-2.011199321063219259e+01,1.663513491598648102e+02
9.160000000000000853e+01,9.375000000003592959e-02,-1.981340031088906173e+01,1.663803661765036566e+02
9.170000000000000284e+01,8.750000000003889389e-02,-1.951463188784622815e+01,1.664075164329320842e+02
9.180000000000001137e+01,8.125000000004245493e-02,-1.921569961210722965e+01,1.664327988685966773e+02
9.190000000000000568e+01,7.500000000004670986e-02,-1.891661516067607707e+01,1.664562124959055041e+02
9.200000000000000000e+01,6.875000000005107581e-02,-1.861739021650112136e+01,1.664777564002667134e+02
9.210000000000000853e+01,6.250000000005741241e-02,-1.831803646801869689e+01,1.664974297401242893e+02
9.220000000000000284e+01,5.625000000006485229e-02,-1.801856560869653734e+01,1.665152317469909065e+02
9.230000000000001137e+01,5.000000000007480405e-02,-1.771898933657700681e+01,1.665311617254779151e+02
9.240000000000000568e+01,4.375000000008563011e-02,-1.741931935382014274e+01,1.665452190533225689e+02
9.250000000000000000e+01,3.750000000010254159e-02,-1.711956736624654241e+01,1.665574031814122691e+02
9.260000000000000853e+01,3.125000000012326945e-02,-1.681974508288010384e+01,1.665677136338060791e+02
9.270000000000000284e+01,2.500000000015387136e-02,-1.651986421549064588e+01,1.665761500077532560e+02
9.280000000000001137e+01,1.875000000020594221e-02,-1.621993647813641815e+01,1.665827119737090243e+02
9.290000000000000568e+01,1.250000000031563537e-02,-1.591997358670652574e+01,1.665873992753473942e+02
9.300000000000000000e+01,6.250000000628842811e-03,-1.561998725846327218e+01,1.665902117295712799e+02
9.310000000000000853e+01,8.940696716308596397e-08,-1.531998921158445803e+01,1.665911492265195193e+02
9.320000000000000284e+01,-6.250000000646606380e-03,-1.501999116470564388e+01,1.665902117295712799e+02
9.330000000000001137e+01,-1.250000000033339893e-02,-1.472000483646239033e+01,1.665873992753473942e+02
9.340000000000000568e+01,-1.875000000022370578e-02,-1.442004194503249792e+01,1.665827119737089959e+02
9.350000000000000000e+01,-2.500000000016719751e-02,-1.412011420767827019e+01,1.665761500077532276e+02
9.360000000000000853e+01,-3.125000000013748724e-02,-1.382023334028881223e+01,1.665677136338060507e+02
9.370000000000000284e+01,-3.750000000011734919e-02,-1.352041105692237188e+01,1.665574031814122407e+02
9.380000000000001137e+01,-4.375000000010086099e-02,-1.322065906934877155e+01,1.665452190533225405e+02
9.390000000000000568e+01,-5.000000000008813367e-02,-1.292098908659190926e+01,1.665311617254778866e+02
9.400000000000000000e+01,-5.625000000007867457e-02,-1.262141281447238050e+01,1.665152317469908780e+02
9.410000000000000853e+01,-6.250000000007163714e-02,-1.232194195515022273e+01,1.664974297401242609e+02
9.420000000000000284e+01,-6.875000000006561973e-02,-1.202258820666779826e+01,1.664777564002666850e+02
9.430000000000001137e+01,-7.500000000006153134e-02,-1.172336326249284255e+01,1.664562124959054756e+02
9.440000000000000568e+01,-8.125000000005749845e-02,-1.142427881106168996e+01,1.664327988685966488e+02
9.450000000000000000e+01,-8.750000000005414558e-02,-1.112534653532269324e+01,1.664075164329320557e+02
9.460000000000000853e+01,-9.375000000005134781e-02,-1.082657811227986144e+01,1.663803661765035997e+02
9.470000000000000284e+01,-1.000000000000494937e-01,-1.052798521253673059e+01,1.663513491598647533e+02
9.480000000000001137e+01,-1.062500000000473205e-01,-1.022957949984047943e+01,1.663204665164890343e+02
9.490000000000000568e+01,-1.125000000000458827e-01,-9.931372630626313480e+00,1.662877194527257529e+02
9.500000000000000000e+01,-1.187500000000436956e-01,-9.633376253562145664e+00,1.662531092477529455e+02
9.510000000000000853e+01,-1.250000000000422440e-01,-9.335602009093561193e+00,1.662166372535273240e+02
9.520000000000000284e+01,-1.312500000000402789e-01,-9.038061528989119964e+00,1.661783048947315251e+02
9.530000000000001137e+01,-1.375000000000385358e-01,-8.740766435885992891e+00,1.661381136687184608e+02
9.540000000000000568e+01,-1.437500000000371814e-01,-8.443728342835951750e+00,1.660960651454527692e+02
9.550000000000000000e+01,-1.500000000000359657e-01,-8.146958852851735600e+00,1.660521609674495380e+02
9.560000000000000853e+01,-1.562500000000345557e-01,-7.850469558453809782e+00,1.660064028497101560e+02
9.570000000000000284e+01,-1.625000000000332012e-01,-7.554272041217537037e+00,1.659587925796552668e+02
9.580000000000001137e+01,-1.687500000000319855e-01,-7.258377871320771391e+00,1.659093320170549930e+02
9.590000000000000568e+01,-1.750000000000314082e-01,-6.962798607091899683e+00,1.658580230939562909e+02
9.600000000000000000e+01,-1.812500000000304146e-01,-6.667545794558344951e+00,1.658048678146074337e+02
9.610000000000000853e+01,-1.875000000000295597e-01,-6.372630966995554758e+00,1.657498682553797380e+02
9.620000000000000284e+01,-1.937500000000289824e-01,-6.078065644476479790e+00,1.656930265646865053e+02
9.630000000000001137e+01,-2.000000000000285161e-01,-5.783861333421574713e+00,1.656343449628990641e+02
9.640000000000000568e+01,-2.062500000000280775e-01,-5.490029526149331041e+00,1.655738257422600270e+02
9.650000000000000000e+01,-2.125000000000274170e-01,-5.196581700427357120e+00,1.655114712667937340e+02
9.660000000000000853e+01,-2.187500000000265621e-01,-4.903529319024031885e+00,1.654472839722139668e+02
9.670000000000000284e+01,-2.250000000000257350e-01,-4.610883829260740363e+00,1.653812663658287363e+02
9.680000000000001137e+01,-2.312500000000254630e-01,-4.318656662564714033e+00,1.653134210264424269e+02
9.690000000000000568e+01,-2.375000000000248301e-01,-4.026859234022493794e+00,1.652437506042549842e+02
9.700000000000000000e+01,-2.437500000000243083e-01,-3.735502941934028431e+00,1.651722578207583751e+02
9.710000000000000853e+01,-2.500000000000239808e-01,-3.444599167367429882e+00,1.650989454686304043e+02
9.720000000000000284e+01,-2.562500000000233480e-01,-3.154159273714401301e+00,1.650238164116254893e+02
9.730000000000001137e+01,-2.625000000000228262e-01,-2.864194606246357466e+00,1.649468735844628782e+02
9.740000000000000568e+01,-2.687500000000223599e-01,-2.574716491671250829e+00,1.648681199927119394e+02
9.750000000000000000e+01,-2.750000000000220046e-01,-2.285736237691122774e+00,1.647875587126748655e+02
9.760000000000000853e+01,-2.812500000000218714e-01,-1.997265132560398504e+00,1.647051928912664209e+02
9.770000000000000284e+01,-2.875000000000214606e-01,-1.709314444644941311e+00,1.646210257458910178e+02
9.780000000000001137e+01,-2.937500000000209943e-01,-1.421895421981883123e+00,1.645350605643170638e+02
9.790000000000000568e+01,-3.000000000000208056e-01,-1.135019291840249744e+00,1.644473007045485531e+02
9.800000000000000000e+01,-3.062500000000204503e-01,-8.486972602823965595e-01,1.643577495946938143e+02
9.810000000000000853e+01,-3.125000000000200950e-01,-5.629405117262735736e-01,1.642664107328317300e+02
9.820000000000000284e+01,-3.187500000000199063e-01,-2.777602085085354444e-01,1.641732876868749429e+02
9.830000000000001137e+01,-3.250000000000197731e-01,6.832509551485843602e-03,1.640783840944306178e+02
9.840000000000000568e+01,-3.312500000000193068e-01,2.908265255869288413e-01,1.639817036626582478e+02
9.850000000000000000e+01,-3.375000000000190070e-01,5.742107461176537697e-01,1.638832501681249312e+02
9.860000000000000853e+01,-3.437500000000187628e-01,8.569741014835804416e-01,1.637830274566577486e+02
9.870000000000000284e+01,-3.500000000000185740e-01,1.139105546277094927e+00,1.636810394431936402e+02
9.880000000000001137e+01,-3.562500000000180522e-01,1.420594059774509699e+00,1.635772901116264109e+02
9.890000000000000568e+01,-3.625000000000180300e-01,1.701428646366559549e+00,1.634717835146511504e+02
9.900000000000000000e+01,-3.687500000000178413e-01,1.981598335987915682e+00,1.633645237736058675e+02
9.910000000000000853e+01,-3.750000000000178746e-01,2.261092184545702377e+00,1.632555150783105375e+02
9.920000000000000284e+01,-3.812500000000177414e-01,2.539899274346999913e+00,1.631447616869035073e+02
9.930000000000001137e+01,-3.875000000000176081e-01,2.818008714525315206e+00,1.630322679256750007e+02
9.940000000000000568e+01,-3.937500000000174749e-01,3.095409641466004391e+00,1.629180381888982936e+02
9.950000000000000000e+01,-4.000000000000173417e-01,3.372091219230632042e+00,1.628020769386579332e+02
9.960000000000000853e+01,-4.062500000000173195e-01,3.648042639980249024e+00,1.626843887046755128e+02
9.970000000000000284e+01,-4.125000000000171307e-01,3.923253124397571234e+00,1.625649780841327185e+02
9.980000000000001137e+01,-4.187500000000169975e-01,4.197711922108045002e+00,1.624438497414917322e+02
9.990000000000000568e+01,-4.250000000000166422e-01,4.471408312099785398e+00,1.623210084083130482e+02
